country_code,country_name,region,sub_region,Current health expenditure (% of GDP),Current health expenditure per capita (current US$),Ease of doing business score (0 = lowest performance to 100 = best performance),"Fertility rate, total (births per woman)",Fixed broadband subscriptions (per 100 people),GDP (current US$),GDP per capita (current US$),Individuals using the Internet (% of population),Land area (sq. km),"Life expectancy at birth, total (years)",Mobile cellular subscriptions (per 100 people),Population density (people per sq. km of land area),Population growth (annual %),"Population, total",Urban population (% of total population),5-year average GDP growth,5-year average GDP per capita growth,WGI - VoiceandAccountability,WGI - Political StabilityNoViolence,WGI - GovernmentEffectiveness,WGI - RegulatoryQuality,WGI - RuleofLaw,WGI - ControlofCorruption,Political rights score,Civil liberties score,Population aged 0 - 40
AFG,Afghanistan,Asia,Southern Asia,9.39572716,49.84260941,44.06497,4.321,0.051740516,19291104007.8299,507.103431871987,11.44768809,652860,64.833,59.3560197,56.937760009803,2.31181721714573,38041754,25.754,2.291892721802234,-0.35175371865966526,-0.9880322813987732,-2.649406671524048,-1.4638749361038208,-1.1205554008483887,-1.713526964187622,-1.4010756015777588,13,14,0.8368928911459058
AGO,Angola,Africa,Sub-Saharan Africa,2.54900527,87.61676788,41.28838,5.442,0.374130075,88815697793.303,2790.72661520665,14.33907936,1246700,61.147,46.59863797,24.7130520574316,3.2429826028718,31825295,66.177,-0.8823930137637958,-4.130518800670944,-0.7772831916809082,-0.3111005425453186,-1.1171437501907349,-0.8938713669776917,-1.0543431043624878,-1.0546833276748657,10,21,0.8463405167065359
ALB,Albania,Europe,Southern Europe,5.26271439,274.91409302,67.74847,1.597,15.1407347,15279183289.9372,5353.2448564014,69.64285467,27400,78.573,91.29301538,104.612262773723,-0.426007367032238,2854191,61.229,3.1294252071150157,3.3799251582709577,0.15180465579032898,0.11856954544782639,-0.061330899596214294,0.27437981963157654,-0.41117939352989197,-0.5287575721740723,27,39,0.5444185565782236
ARE,United Arab Emirates,Asia,Western Asia,4.22590351,1817.34765625,80.91489,1.387,31.17494457,421142267937.65,43103.3230583165,99.14999796,71020,77.972,200.6320743,135.609110109828,1.43878044485973,9770529,86.789,2.681602802609326,1.4900845896618786,-1.1220358610153198,0.7034943103790283,1.377220869064331,0.9793252348899841,0.8402188420295715,1.106342077255249,5,12,0.7230044728400498
ARG,Argentina,Americas,Latin America and the Caribbean,9.62454033,1127.90722656,58.96151,2.247,19.63610555,445445177459.426,9912.28180859803,74.29490687,2736690,76.667,125.842106,16.2585100979651,0.993397493293046,44938712,91.991,-0.23680635665808794,-1.265739494038196,0.6004348993301392,-0.11997848749160767,-0.08648588508367538,-0.4927525818347931,-0.430725634098053,-0.07107135653495789,35,49,0.6235952839677703
ARM,Armenia,Asia,Western Asia,10.02538967,422.28268433,74.49401,1.758,13.04053682,13672802157.8324,4622.73349328671,68.24505226,28470,75.087,122.3487531,103.680224798033,0.201539722879792,2957731,63.219,4.73999999972522,4.418689369908298,0.05004274845123291,-0.5064106583595276,-0.06681737303733826,0.2495153248310089,-0.13127575814723969,-0.18416833877563477,22,33,0.5775226795702647
ATG,Antigua and Barbuda,Americas,Latin America and the Caribbean,5.23155928,875.17254639,60.28342,1.987,9.431391864,1661962962.96296,17112.8211347326,73,440,77.016,192.819567,218.831818181818,0.860380480678118,97118,24.506,4.903294295430548,3.900471181321688,0.7604435682296753,0.9597089886665344,-0.0038697037380188704,0.48537468910217285,0.4052046537399292,0.2778981924057007,33,52,0.591371054934871
AUS,Australia,Oceania,Australia and New Zealand,9.28459835,5425.34033203,81.21506,1.657,34.7290451,1396567014733.23,55057.2046960666,86.54504885,7692020,82.9,110.6208823,3.24787091037205,1.52165367749095,25365745,86.124,2.474830462865338,0.9000457452158656,1.3151254653930664,1.0865033864974976,1.5718960762023926,1.8735394477844238,1.7341445684432983,1.8111071586608887,40,57,0.5326103608559923
AUT,Austria,Europe,Western Europe,10.32559872,5326.43701172,78.74549,1.46,28.12921617,445075391688.156,50121.5542131186,87.75220479,82520,81.7926829268293,119.7752968,107.131858943286,0.444673639004876,8879920,58.515,1.8804762714141101,1.104428356722418,1.3265985250473022,0.9801226854324341,1.4909114837646484,1.4591155052185059,1.8830512762069702,1.5454288721084595,37,56,0.45661935804129694
AZE,Azerbaijan,Asia,Western Asia,3.51373243,165.7674408,76.70888,1.8,19.33785363,48047647058.8235,4793.12555908722,79.79999549,82654,73.005,106.9924534,120.25759188908,0.846646726414021,10024283,56.031,0.3717337089828374,-0.6261475123409458,-1.4917879104614258,-0.6811310052871704,-0.13917681574821472,-0.22664128243923187,-0.5772703289985657,-0.8684072494506836,2,8,0.6359070632875126
BDI,Burundi,Africa,Sub-Saharan Africa,7.74165535,24.02547073,46.77393,5.321,0.03374505,3012334881.64057,261.247472515742,2.660748535,25680,61.584,56.64970019,435.178271028037,3.12896711408085,11530580,13.366,-0.10952066573189043,-3.218778620814486,-1.708203673362732,-1.6490296125411987,-1.3263216018676758,-0.9495388865470886,-1.431904673576355,-1.4584697484970093,4,10,0.8568804492611255
BEL,Belgium,Europe,Western Europe,10.31865311,4912.70068359,74.98904,1.57,39.78313988,533097455834.509,46345.4032925223,90.37051309,30280,81.7463414634146,99.7421427,377.379590488771,0.65984363619709,11502704,98.041,1.694469555195828,1.1698347787998533,1.369119644165039,0.4811862111091614,1.0322270393371582,1.2909990549087524,1.3637149333953857,1.5519605875015259,39,57,0.4764670197661281
BEN,Benin,Africa,Sub-Saharan Africa,2.49141979,30.9390583,52.40404,4.767,0.212114903,14390709094.9386,1219.43267185875,14.11901233,112760,61.771,87.70201313,101.853919829727,2.71510535908362,11801151,47.861,4.870465350436616,2.029615571609197,0.09206519275903702,-0.3478640615940094,-0.44065171480178833,-0.3759646713733673,-0.6641258597373962,-0.3237638771533966,21,44,0.8158878739878848
BFA,Burkina Faso,Africa,Sub-Saharan Africa,5.62852383,40.24945068,51.40019,5.109,0.059124927,15990803569.9961,786.895631290168,15.87620691,273600,61.577,100.2122395,72.1912828947368,2.84422255256232,20321378,29.98,5.7026730909694106,2.690370715316179,-0.18009068071842194,-1.1886175870895386,-0.7585108876228333,-0.3764920234680176,-0.4262591004371643,-0.18865616619586945,23,31,0.8397376792711402
BGD,Bangladesh,Asia,Southern Asia,2.3428061,41.90905762,45.04865,2.011,4.95902507,302571254131.135,1855.73982408046,12.9,130170,72.591,101.5491558,1239.57931166936,1.0420011284052,163046161,37.405,7.39334409838009,6.2460807219922,-0.7217754125595093,-0.9181734919548035,-0.7392300963401794,-0.9289543032646179,-0.6363083720207214,-0.9938096404075623,15,24,0.7102276680419827
BGR,Bulgaria,Europe,Eastern Europe,7.34667873,689.90539551,71.97405,1.58,28.78196785,68558815111.6199,9828.14851478139,67.94698094,108560,74.9146341463415,116.2063245,64.7110998526161,-0.703905641117455,6975761,75.347,3.619958761483782,4.346913300067104,0.3849186897277832,0.5401217341423035,0.33900025486946106,0.5316786170005798,0.03589657321572304,-0.15519021451473236,33,45,0.43290457712200203
BHR,Bahrain,Asia,Western Asia,4.13356352,994.17901611,76.02665,1.964,8.590933796,38574069148.9362,23503.977126673,99.70150438,780,77.292,115.7929212,2012.10128205128,4.46923900893373,1641172,89.394,2.786612882367414,-1.3523173153886205,-1.4125843048095703,-0.6615179777145386,0.2987609803676605,0.4850985109806061,0.4943777918815613,-0.010218021459877491,2,10,0.7165230595058272
BHS,"Bahamas, The",Americas,Latin America and the Caribbean,6.24896193,2013.37927246,59.87155,1.743,21.12934616,13578800000,34863.7420984795,85,10010,73.918,109.2494647,38.5254745254745,0.991335935305563,389482,83.132,1.806800230453737,0.8015727783416476,0.9342639446258545,0.829479455947876,0.48609626293182373,-0.04830378293991089,0.07653187960386276,1.1846281290054321,38,53,0.6136985668291031
BIH,Bosnia and Herzegovina,Europe,Southern Europe,8.895051,539.54663086,65.44253,1.254,22.59578915,20164193806.88,6108.51069581338,69.94634763,51200,77.401,113.7691912,64.92048828125,-0.692206408656095,3301000,48.626,3.165727571465074,4.2741578702388265,-0.1992863118648529,-0.4004397392272949,-0.6342770457267761,-0.19400231540203094,-0.2335415929555893,-0.6131451725959778,19,34,0.46529685870757875
BLR,Belarus,Europe,Eastern Europe,5.64426613,356.25073242,74.29113,1.382,34.01110045,63080457022.6599,6697.96861498416,82.78915209,202980,74.2268292682927,123.0082886,46.7213469307321,-0.694662243115478,9417849,79.044,0.10949214575962607,0.23472245288436397,-1.4025019407272339,0.28913021087646484,-0.18333275616168976,-0.5437806248664856,-0.7944577932357788,-0.059538982808589935,2,9,0.4974494706806193
BLZ,Belize,Americas,Latin America and the Caribbean,5.69105911,285.98583984,55.47444,2.274,7.582880111,1879613600,4815.1637107951,47.0826258,22810,74.623,65.30473699,16.7939938623411,1.88311073570597,390353,45.866,1.4315096925984538,-0.5682845072697762,0.5317143797874451,0.06981529295444489,-0.6767014265060425,-0.544256865978241,-0.7755124568939209,-0.19602280855178833,34,53,0.7377155431906156
BOL,Bolivia,Americas,Latin America and the Caribbean,6.30102587,223.59788513,51.65574,2.688,6.487149421,40895322843.7851,3552.0687602631,44.28614216,1083300,71.513,101.5263482,10.4801458506416,1.39909836758217,11513100,69.773,3.951328731951946,2.4519054743561366,-0.09123608469963074,-0.6153546571731567,-0.6992179751396179,-0.9934061765670776,-1.1213886737823486,-0.742189347743988,27,39,0.7186366454496799
BRA,Brazil,Americas,Latin America and the Caribbean,9.51438713,848.38885498,59.08307,1.719,15.59562652,1839758040765.62,8717.18627810819,70.43428254,8358140,75.881,95.71653293,25.0617162430876,0.75154842651724,211049527,86.824,-0.609000335150934,-1.4014110073133674,0.34442514181137085,-0.5464811325073242,-0.18673795461654663,-0.17779399454593658,-0.18090397119522095,-0.3339984714984894,31,43,0.6133102771961304
BRB,Barbados,Americas,Latin America and the Caribbean,6.56259155,1164.54455566,57.90615,1.623,37.21034753,5209000000,18148.2449264001,81.76077839,430,79.19,114.7377406,666.606976744186,0.133875829263984,287025,31.158,0.9452085232962288,0.7898113377391571,1.1318668127059937,0.9417336583137512,0.6314250230789185,0.4123010039329529,0.3570292294025421,1.261709213256836,38,57,0.4975036669790712
BRN,Brunei Darussalam,Asia,South-eastern Asia,2.41291642,763.15289307,70.06387,1.819,12.50793358,13469422958.5105,31086.7511188028,95,5270,75.86,132.6607198,81.396963946869107,1.00273731829347,433285,77.942,0.4759297479256202,-0.637878530227437,-0.9489539265632629,1.1722456216812134,1.3183088302612305,0.6344553232192993,0.6142666935920715,0.8018863797187805,7,21,0.6443915678500048
BTN,Bhutan,Asia,Southern Asia,3.0574255,102.73851776,65.97305,1.954,1.149795831,2530547157.56678,3316.17571350084,41.77264453,38140,71.777,95.5637066,19.7796014682748,1.14638227394932,763092,41.612,5.588150543224774,4.340158159553046,0.09876487404108047,1.0925052165985107,0.31376519799232483,-0.32665666937828064,0.5897077322006226,1.6179190874099731,30,31,0.724470379795936
BWA,Botswana,Africa,Sub-Saharan Africa,5.84825039,482.96307373,66.1978,2.836,2.139821339,18340480936.0444,7961.32518123885,41.41379464,566730,69.592,162.6411807,3.97742487604327,2.1752909092404,2303697,70.172,2.59095839092925,0.5954411802068544,0.5260314345359802,1.0112968683242798,0.42904797196388245,0.3700963854789734,0.498439222574234,0.7078155875205994,28,44,0.7622219530903072
CAF,Central African Republic,Africa,Sub-Saharan Africa,10.99253082,53.66416168,35.56585,4.645,0.010515923,2220307368.69593,467.907440636335,4.339254945,622980,53.283,33.619216110000004,7.49041221227006,1.67474521186478,4745185,41.77,4.074887065035346,2.814360739604466,-1.201646089553833,-2.1829676628112793,-1.7472009658813477,-1.3728123903274536,-1.7283856868743896,-1.2284399271011353,3,6,0.8361463287264822
CAN,Canada,Americas,Northern America,10.79046917,4994.90234375,79.64043,1.4684,40.8261656,1736425629519.96,46189.6601146616,92.70137191,8965590,82.0487804878049,91.86310664,4.1341593804758,1.41501469953534,37593384,81.482,1.7001962412739737,0.5051549487604354,1.4625053405761719,1.0299052000045776,1.7316431999206543,1.7160972356796265,1.7599397897720337,1.766973614692688,40,58,0.48780934432505463
CHE,Switzerland,Europe,Western Europe,11.87620926,9870.6640625,76.61864,1.48,46.90110361,703082435158.864,81989.4435119161,93.14608695,39516.03,83.7048780487805,126.0455236,215.465192227053,0.713313668444329,8575280,73.849,1.7069809762977661,0.7732217294280792,1.527955412864685,1.3369934558868408,1.952120065689087,1.66447913646698,1.9066414833068848,1.977294921875,39,57,0.46208404574916606
CHL,Chile,Americas,Latin America and the Caribbean,9.14051342,1455.60791016,72.58023,1.627,18.0946503,282318159744.65,14896.4538665789,82.32748693,743532,80.181,132.1845598,25.1894471253423,1.18298043072933,18952038,87.643,2.041438469757642,0.7228281759557378,1.0196022987365723,0.20638242363929749,1.0604203939437866,1.224169135093689,1.073613166809082,1.0884568691253662,38,55,0.5727934757402042
CHN,China,Asia,Eastern Asia,5.35107994,501.05938721,77.9313,1.696,31.33520101,14279937467431,10216.6303341031,54.3,9424702.9,76.912,121.7922911,147.774419499208,0.357291063115687,1397715000,60.308,6.70735598844461,6.191502007380212,-1.6123721599578857,-0.24038255214691162,0.5182531476020813,-0.24461442232131958,-0.27471861243247986,-0.32349681854248047,-2,11,0.5262278593803258
CIV,Cote d'Ivoire,Africa,Sub-Saharan Africa,4.19003773,71.88140869,60.68796,4.593,0.842737656,58539424929.7248,2276.33327906444,36.45378947,318000,57.783,145.340692,78.8340534591195,2.54933623927928,25716544,51.239,7.300739938890862,4.60809470483771,-0.22257386147975922,-0.9623560309410095,-0.4825879633426666,-0.24286311864852905,-0.5669065713882446,-0.5250722765922546,16,28,0.8231358130287014
CMR,Cameroon,Africa,Sub-Saharan Africa,3.52989626,54.13952637,46.09974,4.506,1.549401423,39007354359.2798,1507.45020591288,23.20297197,472710,59.292,82.70374759,53.3439889149796,2.58424710709784,25876380,56.968,4.326446175147378,1.6128395711649444,-1.194610357284546,-1.5552833080291748,-0.8121465444564819,-0.8270047903060913,-1.1189085245132446,-1.2086620330810547,7,9,0.8297691825874899
COD,"Congo, Dem. Rep.",Africa,Sub-Saharan Africa,3.30075741,18.51088905,36.20973,5.819,0.013711167,50400746171.4239,580.716867207745,8.619904916,2267050,60.681,42.77332121,37.0825923557045,3.18708630238904,86790567,45.046,4.649632908564562,1.3015208952087556,-1.365965723991394,-1.8080073595046997,-1.6274285316467285,-1.5096668004989624,-1.7860875129699707,-1.5389313697814941,5,15,0.8314371211397074
COL,Colombia,Americas,Latin America and the Caribbean,7.63980007,513.15869141,70.05964,1.789,13.80597715,323615979418.651,6428.67620562768,65.00690072,1109500,77.287,131.6724442,44.7598521856692,1.35678804331132,50339443,81.104,2.435637180448932,1.0256832975649077,0.2294834703207016,-0.9002540111541748,0.07122322171926498,0.39661210775375366,-0.41692885756492615,-0.22916705906391144,29,36,0.6382004067863842
COM,Comoros,Africa,Sub-Saharan Africa,4.58884811,65.22776031,47.87291,4.138,0.138796502,1165839927.06327,1370.14820676715,8.478170295,1861,64.321,67.60224049,447.24449220849,2.20587743735692,850886,29.164,2.733879274655738,0.42296366577129524,-0.68938446044921875,-0.14867544174194336,-1.6691975593566895,-1.119255542755127,-1.0875025987625122,-1.0203497409820557,16,26,0.8042287437521375
CPV,Cabo Verde,Africa,Sub-Saharan Africa,5.35998297,194.85687256,55.03925,2.242,3.466955186,1981845740.35828,3603.78179304514,57.16214635,4030,72.981,108.3184376,134.929776674938,1.12792431423236,549935,66.195,3.92272170921419,2.6978805834482977,0.9689362645149231,0.8809047341346741,0.29302796721458435,-0.22461752593517303,0.5153446197509766,0.870890736579895,38,54,0.7287066131331645
CRI,Costa Rica,Americas,Latin America and the Caribbean,7.56336021,909.6730957,69.2383,1.737,17.9241816,61801385049.0716,12243.8114267607,81.20259644,51060,80.279,169.3935546,97.9130630630631,0.957905013850413,5047561,80.076,3.296417982246576,2.242766767411502,1.1252985000610352,0.4602174162864685,0.4231586754322052,0.49803513288497925,0.5440922379493713,0.7223710417747498,38,53,0.6101061482961772
CYP,Cyprus,Asia,Western Asia,6.76976299,1954.40686035,73.35105,1.321,37.78812775,24948935408.0376,27858.3709958327,86.06362996,9240,80.982,143.849919,128.708333333333,0.779788191505342,1198575,66.805,4.625437361711876,3.6546510046820018,1.077344536781311,0.5165107846260071,0.9924904108047485,1.012343168258667,0.759899377822876,0.604877233505249,38,56,0.5489331488919332
CZE,Czech Republic,Europe,Eastern Europe,7.64651203,1765.58837891,76.34054,1.71,34.98494603,250680504529.647,23489.8386627318,80.86694441,77200,79.1292682926829,122.5662254,137.693367875648,0.393788864202175,10671870,73.921,3.72220259909278,3.436323512787406,0.9368531107902527,0.9520849585533142,0.8856381773948669,1.2451283931732178,1.046504020690918,0.5062277317047119,36,55,0.4499173481233699
DEU,Germany,Europe,Western Europe,11.42995071,5472.20214844,79.71004,1.54,41.99327095,3861123558039.21,46467.5162023856,88.13451691,349380,80.9414634146342,128.3570318,237.294012250272,0.22551987421288,83092962,77.376,1.6294707040500576,1.1074997746459039,1.335723876953125,0.582865297794342,1.5853087902069092,1.7230501174926758,1.6187732219696045,1.8954731225967407,39,55,0.4294624856434893
DJI,Djibouti,Africa,Sub-Saharan Africa,2.32438445,70.86093903,60.49674,2.676,2.507909117,3324634256.13324,3414.92486968779,55.68140925,23180,67.112,42.51057973,41.3684210526316,1.51518050206022,973560,77.915,7.185999142779734,5.484534058011684,-1.406524896621704,-0.34459272027015686,-0.7133426666259766,-0.7717018723487854,-0.9144033789634705,-0.8556599020957947,5,19,0.7309905840130573
DNK,Denmark,Europe,Northern Europe,10.0707159,6216.76855469,85.28856,1.7,43.94598914,350104327658.675,60213.0921454746,98.04643475,40000,81.2024390243903,125.4958526,144.8409,0.358130915892652,5814422,87.994,2.687089052790922,2.07600025357148,1.578778862953186,1.00882089138031,1.9378986358642578,1.5650123357772827,1.8984570503234863,2.107368230819702,40,57,0.47219138892911455
DOM,Dominican Republic,Americas,Latin America and the Caribbean,5.73298407,461.54251099,59.98867,2.323,8.864640312,88941299734.2073,8282.11635935324,74.82428986,48310,74.081,83.32379175,219.97857586421,1.04646051306009,10738958,81.828,6.05752386388942,4.899023077049966,0.2019050121307373,0.018905935809016228,-0.35747799277305603,-0.05359239876270294,-0.34769749641418457,-0.7632169723510742,26,41,0.682459851547967
DZA,Algeria,Africa,Northern Africa,6.2184267,255.86943054,48.59758,2.988,8.321683753,171091289782.245,3973.96407191565,49.03846808,2381741,76.88,109.3560773,17.7300676270006,1.93395019121501,43053054,73.189,2.0399999999999747,0.0025291630240200204,-1.037678837776184,-1.0035754442214966,-0.5161745548248291,-1.303378939628601,-0.8154637813568115,-0.621849775314331,10,22,0.6957184965322089
ECU,Ecuador,Americas,Latin America and the Caribbean,8.13646507,516.24798584,57.7227,2.403,12.0438512,107435665000,6183.82382482173,54.06292473,248360,77.01,91.24789005,68.7886817522951,1.6792131785026,17373662,63.986,0.5167771823539999,-1.185497870248579,0.060943637043237686,-0.18901747465133667,-0.39858418703079224,-0.8236187100410461,-0.5773570537567139,-0.49641090631484985,27,40,0.6858315436986007
EGY,"Egypt, Arab Rep.",Africa,Northern Africa,4.947577,125.54537201,60.05364,3.28,7.56956556,303092255125.285,3019.20582861756,57.28286878,995450,71.99,94.97170247,98.8734692852479,1.97628434808829,100388073,42.73,4.754337691813876,2.587557193650648,-1.428673267364502,-1.066420555114746,-0.4235376715660095,-0.8277660012245178,-0.42084598541259766,-0.6702130436897278,6,12,0.7370093137356273
ESP,Spain,Europe,Southern Europe,8.97741413,2736.32324219,77.93588,1.24,33.41391156,1393490524517.64,29564.7448981723,90.71866533,499603.479,83.4853658536585,118.4398,93.6697920792501,0.714923607990018,47133521,80.565,2.844057844122854,2.559748031956206,1.0854531526565552,0.32287275791168213,0.99904465675354,1.050189733505249,0.9790521860122681,0.6467961072921753,37,53,0.424358915361274
EST,Estonia,Europe,Northern Europe,6.6878767,1552.96875,80.61685,1.66,32.53133562,31471100656.2431,23717.7994512337,89.53232756,43470,78.4975609756098,147.1771541,30.4112491373361,0.371554389037477,1326898,69.051,3.976753404062894,3.781475659982982,1.2104718685150146,0.6388936638832092,1.1747465133666992,1.591124176979065,1.281257152557373,1.5423293113708496,38,56,0.4694283438302388
ETH,Ethiopia,Africa,Sub-Saharan Africa,3.29555655,24.22611809,47.97613,4.146,0.059163576,95912590628.1412,855.760862280838,18.61805145,1129300.39,66.597,37.2180717,96.718782679248,2.57956334803926,112078730,21.225,8.914073763385884,6.04880705038295,-1.0461251735687256,-1.2795966863632202,-0.6345772743225098,-0.8889709115028381,-0.47347819805145264,-0.4064650535583496,9,13,0.8203132428511613
FIN,Finland,Europe,Northern Europe,9.037323,4515.67724609,80.17834,1.35,32.48281502,269296310180.392,48771.3737960281,89.60738511,303920,81.7853658536586,129.2443669,18.1479501184522,0.110191690491055,5521606,85.446,1.8576827132994835,1.6349376120067562,1.5889769792556763,0.9090824127197266,1.9293129444122314,1.8510150909423828,2.0221455097198486,2.1530814170837402,40,60,0.46372837742952544
FJI,Fiji,Oceania,Melanesia,3.42366552,214.55378723,61.47892,2.754,1.475184016,5496250694.31587,6175.88872032104,49.96637301,18270,67.444,117.8305767,48.3570333880679,0.729660242086809,889953,56.75,3.133540933863857,2.584813560883568,0.0941573828458786,0.8723140954971313,0.2040976732969284,-0.2174181044101715,-0.02575884945690632,0.5585566163063049,24,36,0.6869223724795074
FRA,France,Europe,Western Europe,11.25789452,4690.07226563,76.80465,1.87,45.69341975,2715518274227.45,40496.3640344875,83.33974409,547557,82.5780487804878,110.6100121,122.299435492561,0.134220009461089,67055854,80.709,1.560250939183334,1.3341741518461643,1.1416594982147217,0.313681036233902,1.384610891342163,1.4402916431427002,1.4120583534240723,1.3009679317474365,38,52,0.47423836365186495
GAB,Gabon,Africa,Sub-Saharan Africa,2.74503946,218.36860657,45.0251,3.922,1.027902783,16874450215.1351,7767.01340440788,50.32012015,257670,66.467,137.75384,8.22476423332169,2.48408920696695,2172579,89.741,2.2461761567047467,-0.6298276850292421,-1.0306549072265625,-0.17820948362350464,-0.8977532386779785,-0.957122266292572,-0.732850968837738,-0.9354914426803589,3,19,0.7857057376075796
GBR,United Kingdom,Europe,Northern Europe,9.99696255,4315.42773438,83.54968,1.65,39.66665893,2829108219165.8,42328.9002575769,92.51662855,241930,81.2048780487805,119.8975178,274.708981936924,0.564131113399897,66836327,83.652,1.793827049904852,1.1037931901557925,1.2636747360229492,0.5191885828971863,1.435908555984497,1.6258529424667358,1.6009106636047363,1.7748123407363892,39,54,0.49561003710437235
GEO,Georgia,Asia,Western Asia,7.11329746,312.74691772,83.73393,2.055,23.55677654,17477255545.6705,4697.98364793096,68.84671356,69490,73.767,134.7205052,65.0477623429791,-0.171565740223868,3720161,59.039,4.124706924165774,4.121413064400504,0.19604738056659698,-0.4458557963371277,0.8299232721328735,1.1220672130584717,0.30997923016548157,0.6684983968734741,23,37,0.5254954087996215
GHA,Ghana,Africa,Sub-Saharan Africa,3.53888083,77.91143036,59.96017,3.816,0.192380423,66983634223.943,2202.11556738065,37.88415262,227540,64.074,134.3193846,130.821429199262,2.16257788677108,30417856,56.707,5.302264364361216,2.9926751670385485,0.5842581987380981,0.09834696352481842,-0.21010401844978333,-0.11104956269264221,0.046889737248420715,-0.07903863489627838,35,47,0.7835146380129725
GIN,Guinea,Africa,Sub-Saharan Africa,3.93172431,38.31764221,49.42922,4.625,0.009787612,12296665331.192,962.839908587778,21.83002304,245720,61.602,100.7967429,50.5222122741332,2.83457538168629,12771246,36.5,7.348687727869148,4.474470119284894,-0.7485374808311462,-0.8306404948234558,-0.7787458300590515,-0.7698209285736084,-1.2090275287628174,-0.9049651026725769,14,24,0.8382911111413875
GMB,"Gambia, The",Africa,Sub-Saharan Africa,3.09379649,22.15542793,50.29381,5.154,0.194421809,1826073739.82522,777.811932084008,19.83645444,10120,62.05,139.5290282,225.30652173913,2.92185023710734,2347706,61.931,4.823140156973612,1.7592724140806806,-0.21623168885707855,0.11141347885131836,-0.6306759715080261,-0.6649197936058044,-0.37157607078552246,-0.2852225601673126,20,26,0.8414067531511639
GNB,Guinea-Bissau,Africa,Sub-Saharan Africa,6.99553871,53.29457474,43.23319,4.402,0.063875576,1339449165.48759,697.294926856786,3.930509152,28120,58.322,82.79258606,66.6539473684211,2.45652209459577,1920922,43.777,5.343231849708306,2.708315716225756,-0.458707332611084,-0.5626320242881775,-1.5144411325454712,-1.2333345413208008,-1.2640448808670044,-1.4539860486984253,17,27,0.8295767073746549
GNQ,Equatorial Guinea,Africa,Sub-Saharan Africa,2.99830961,314.29876709,41.05286,4.429,0.123760958,11026774945.3415,8131.92388810912,26.23999996,28050,58.735,45.16686721,46.6657397504456,3.528524074108,1355986,72.627,-7.105321780870374,-10.551735703005495,-1.8635632991790771,-0.19092559814453125,-1.3420116901397705,-1.5205161571502686,-1.4223147630691528,-1.7228856086730957,0,5,0.8344469174369571
GRC,Greece,Europe,Southern Europe,7.71544075,1566.89990234,68.42391,1.35,39.61582878,209852761132.839,19580.9883312318,75.67120669,128900,81.9390243902439,113.4494873,83.2651823118697,-0.146507836373936,10717169,79.388,0.9363107763757396,1.2626022198855384,0.9357267022132874,0.2909984588623047,0.40559032559394836,0.5298789739608765,0.19883795082569122,-0.011819170787930489,37,50,0.42346644188091476
GRD,Grenada,Americas,Latin America and the Caribbean,4.46386862,474.5328064,53.44488,2.042,22.83599546,1210603703.7037,10808.6721222084,59.07173536,340,72.397,104.2439033,327.805882352941,0.491370692894964,112003,36.396,4.135387526292362,3.551649919113272,0.7075140476226807,0.9597089886665344,-0.13592876493930817,-0.31319108605384827,0.17586329579353333,0.3397682011127472,37,52,0.6313726540597489
GTM,Guatemala,Americas,Latin America and the Caribbean,5.70716429,259.62017822,62.59562,2.822,3.139231107,76710355347.0968,4619.98525821971,40.70304908,107160,74.302,118.7279996,152.547125793206,1.56038604781094,16604026,51.439,3.37064243129169,1.7018227874345713,-0.31345415115356445,-0.5461909174919128,-0.6768408417701721,-0.22499264776706696,-1.0522887706756592,-0.8984203934669495,21,31,0.778499202542805
GUY,Guyana,Americas,Latin America and the Caribbean,5.93609333,295.55789185,55.49196,2.44,8.370376486,5173759527.57794,6609.58642503371,37.32583679,196850,69.906,82.97107151,3.95734823469647,0.481762010560315,782766,26.689,3.6046375318918553,3.0865553754627375,0.28004568815231323,-0.23707984387874603,-0.3860604763031006,-0.6206162571907043,-0.43134814500808716,-0.09189970791339874,30,43,0.6795614059741382
HND,Honduras,Americas,Latin America and the Caribbean,7.04958153,176.24726868,56.26791,2.427,4.005461868,25095395475.0393,2574.91219067443,32.13636364,111890,75.27,77.56759949,85.6870319063366,1.64064879291134,9746117,57.73,3.7850913616046618,2.0438776099431766,-0.5518603324890137,-0.5306973457336426,-0.6117631196975708,-0.49273231625556946,-1.0090796947479248,-0.8084532618522644,19,25,0.7575852532008909
HRV,Croatia,Europe,Southern Europe,6.82702351,1014.22235107,73.62096,1.47,27.95854736,60752588976.3175,14944.3562248936,79.07978368,56590,78.4243902439025,106.6423198,72.2361371267008,-0.554146739042888,4065253,57.242,3.00715531722534,3.870479092582242,0.534780740737915,0.755473792552948,0.4099745452404022,0.591005802154541,0.3661346137523651,0.12554092705249786,36,49,0.4439929214755093
HTI,Haiti,Americas,Latin America and the Caribbean,7.69460344,64.24588013,40.72493,2.887,0.276123479,14332163266.3977,1272.4909246734,32.47362713,27560,64.001,60.7594177,403.59854862119,1.24989940326034,11263077,56.192,1.1222857478177741,-0.19411468139379956,-0.7263224124908447,-0.777887761592865,-2.0153884887695312,-1.2606722116470337,-0.9711014032363892,-1.3391826152801514,15,22,0.7609752182329539
HUN,Hungary,Europe,Eastern Europe,6.70007229,1081.80285645,73.41584,1.49,32.93541273,163469042867.956,16729.7803673036,80.37169361,91260,76.0219512195122,106.0716003,107.117729563883,-0.0452557101106228,9771141,71.644,4.051937928421016,4.2535128423929205,0.22006353735923767,0.7325270771980286,0.49536508321762085,0.6034866571426392,0.4931344985961914,-0.0010351537493988872,26,43,0.4485807288441822
IDN,Indonesia,Asia,South-eastern Asia,2.87053037,111.67790985,69.57879,2.288,3.800218906,1119190780752.8,4135.56926281554,47.69064898,1877519,71.716,126.1069128,142.562304296255,1.10058458685211,270625568,55.985,5.034719403104664,3.803338072496548,0.15639418363571167,-0.4812067151069641,0.18274074792861938,-0.09331433475017548,-0.342530220746994,-0.418996125459671,30,29,0.660359115293789
IND,India,Asia,Southern Asia,3.544245,72.83453369,71.04511,2.202,1.401954779,2868929415617.02,2099.59904810855,20.08130004,2973190,69.656,84.27000876,454.938072575247,1.01510602753472,1366417754,34.472,6.719338921963162,5.589058215963972,0.29398924112319946,-0.7027683854103088,0.17155437171459198,-0.16055570542812347,-0.03075839951634407,-0.23325395584106445,34,33,0.6881404328004064
IRL,Ireland,Europe,Northern Europe,6.92870378,5489.07080078,79.57614,1.7,29.95495131,388698711348.156,78778.9947686189,84.52230206,68890,82.3024390243903,105.6900007,70.6534475250399,1.36154692834319,4934040,63.405,10.141056614713902,8.886866207501615,1.3350648880004883,0.9733633399009705,1.2813749313354492,1.6019104719161987,1.394229531288147,1.4580987691879272,39,58,0.5338414362267027
IRN,"Iran, Islamic Rep.",Asia,Southern Asia,8.66168594,484.28659058,58.54658,2.146,10.57874538,453996479250.212,5550.06095701484,70.00455222,1628760,76.677,142.3903718,50.222420123284,1.35222602321056,82913906,75.391,0.6041199508605742,-0.7541688237859319,-1.3700543642044067,-1.698150634765625,-0.5535024404525757,-1.4231373071670532,-0.749372124671936,-1.0479605197906494,6,10,0.6683740521975663
IRQ,Iraq,Asia,Western Asia,4.1062417,239.41305542,44.70443,3.597,11.59775672,234094042938.917,5955.10901036816,75.00000131,434128,70.604,94.69591577,88.5305716286441,2.25413421903288,39309783,70.678,3.8065557570118074,1.0740470314360901,-0.9454793930053711,-2.564838171005249,-1.3362704515457153,-1.1799684762954712,-1.7224633693695068,-1.3366540670394897,16,13,0.7962986267873379
ISL,Iceland,Europe,Northern Europe,8.4693088500000009,6530.93212891,78.96154,1.75,41.07028561,24188038473.5438,67084.0837067136,99.01095399,100830,82.5609756097561,121.9493203,3.49817514628583,2.19893225826166,360563,93.855,4.3310208760567175,2.343153289562253,1.3339440822601318,1.655898928642273,1.5182777643203735,1.3729844093322754,1.7669236660003662,1.7079734802246094,37,57,0.5386966421770518
ISR,Israel,Asia,Western Asia,7.51703548,3323.65063477,76.67572,3.01,29.12184776,394652210295.849,43588.7133085762,86.78787762,21640,82.8048780487805,137.3339858,410.480591497227,1.90898263957994,9054000,92.501,3.34684650223698,1.3580774353053158,0.6869863867759705,-0.7785231471061707,1.325652003288269,1.28099524974823,1.0475901365280151,0.8059543967247009,33,43,0.6255314777998675
ITA,Italy,Europe,Southern Europe,8.66763401,2988.99584961,72.85055,1.27,28.85296013,2003576145498.04,33225.6484944567,74.38718292,297730,83.1975609756098,131.2645046,202.941457024821,-0.198249204643392,60302093,70.736,1.0052869177115236,1.1678953151677642,0.972270131111145,0.4626992642879486,0.4619360864162445,0.9549630880355835,0.280191034078598,0.23984207212924957,36,54,0.3976852377753408
JAM,Jamaica,Americas,Latin America and the Caribbean,6.06135607,320.97631836,69.67997,1.965,10.78279905,16458071067.8176,5582.26377755211,55.07206705,10830,74.475,102.5640043,270.993074792244,0.456356197137556,2948279,55.985,1.1885128663319506,0.6813978146622326,0.6409133672714233,0.4143163561820984,0.4958207607269287,0.1675489991903305,-0.31257364153862,-0.05655558034777641,34,46,0.6422100094394115
JOR,Jordan,Asia,Western Asia,7.79041338,330.14187622,68.97453,2.691,4.528903766,44502895861.6837,4405.48841230824,66.79031443,88780,74.526,77.00460933,112.14249831043,1.4526643189474,10101694,91.203,2.093476439697606,-0.413135141967487,-0.6650451421737671,-0.35786232352256775,0.09947026520967484,0.03460937365889549,0.1439574509859085,0.12797953188419342,11,23,0.7589127846539052
JPN,Japan,Asia,Eastern Asia,10.95338821,4266.58691406,77.99983,1.36,33.50338023,5081769542379.77,40246.8801284164,91.28160849,364500,84.3563414634146,147.0232275,347.130589849108,-0.208999472902293,126264931,91.698,0.978103044406049,1.1392509595442868,0.9595043659210205,1.0412253141403198,1.586663842201233,1.3269574642181396,1.537964940071106,1.475332260131836,40,56,0.3841385648414013
KAZ,Kazakhstan,Asia,Central Asia,2.92212725,275.85461426,79.55915,2.9,13.53588595,181665908556.499,9812.52658813295,81.87762554,2699700,73.18,138.6292278,6.76980849724043,1.28960848954226,18513673,57.54,2.999999999975886,1.599839660486749,-1.2128251791000366,-0.08344855904579163,0.1247125044465065,0.13722650706768036,-0.4324132800102234,-0.31998226046562195,5,18,0.6498119903260697
KEN,Kenya,Africa,Sub-Saharan Africa,5.16729498,88.38527679,73.21648,3.423,0.934270271,95503088538.092,1816.5469164389,22.56511937,569140,66.699,103.7690208,90.2994166637383,2.27190164034829,52573973,27.507,5.617470524546736,3.144232027451966,-0.29052066802978516,-1.1236639022827148,-0.3832688629627228,-0.27703747153282166,-0.45431771874427795,-0.7772462368011475,19,29,0.8195124024025047
KGZ,Kyrgyz Republic,Asia,Central Asia,6.53458309,85.73608398,67.82089,3.3,4.194159776,8454619607.81795,1309.53495985533,38.19903776,191800,71.6,134.3947411,32.9655891553702,2.08787614010317,6456200,36.591,4.2433335251249975,2.157150155203354,-0.45736587047576904,-0.40978190302848816,-0.681520938873291,-0.34735098481178284,-0.8863014578819275,-0.9454193711280823,4,24,0.7267912590674481
KHM,Cambodia,Asia,South-eastern Asia,6.02654314,90.55628204,53.84483,2.478,1.11836066,27089389786.979,1643.12138876539,40.5459865,176520,69.823,129.9161522,92.0564128710628,1.44639338013252,16486542,23.805,7.083882508608596,5.460985602988116,-1.2025713920593262,-0.08089669793844223,-0.5791857242584229,-0.5688344240188599,-0.9356683492660522,-1.302400827407837,5,19,0.7600213556002222
KIR,Kiribati,Oceania,Micronesia,12.11170006,196.84797668,46.93884,3.53,0.089281159,194647201.946472,1655.07883905984,14.58181818,810,68.369,46.47551996,143.020987654321,1.50696995827,117606,54.835,4.198564630242345,2.7013379240283513,1.1224985122680664,1.2045668363571167,-0.23553551733493805,-0.6217976808547974,0.7377026081085205,0.3710443079471588,37,56,0.758460308822529
KOR,"Korea, Rep.",Asia,Eastern Asia,7.56259203,2542.81811523,84.00083,0.918,42.7643539,1646739219509.89,31846.2182324258,96.15758265,97520,83.2268292682927,134.4892665,529.190248154225,0.198353208370259,51709098,81.43,2.77247454486693,2.386866357709876,0.7721228003501892,0.4780881404876709,1.3764177560806274,1.069812536239624,1.194070816040039,0.7567342519760132,33,50,0.4513834402722816
KWT,Kuwait,Asia,Western Asia,4.99920797,1711.22338867,67.40473,2.077,2.010775637,134628542746.97,32000.4484691578,99.54267645,17820,75.489,174.1593403,232.172390572391,1.67232318324502,4207083,100,0.09607522677455463,-2.490400421326874,-0.6347894668579102,0.20038090646266937,0.01846727915108204,0.06492389738559723,0.21567395329475403,-0.1327890157699585,14,23,0.5950931750984472
LAO,Lao PDR,Asia,South-eastern Asia,2.24630332,57.11195755,50.82456,2.626,1.063958139,18173839147.4011,2534.89827991125,25.51043508,230800,67.923,60.84399721,30.5957842287695,1.5171155747641,7169455,35.645,6.417056019465906,4.795885985410426,-1.8016995191574097,0.5250729322433472,-0.7845454216003418,-0.713214635848999,-0.9411007761955261,-1.0582287311553955,2,11,0.7580146945598104
LBN,Lebanon,Asia,Western Asia,8.35297012,686.46777344,54.3316,2.075,6.126277456,51991634491.6345,7583.69472170648,78.18077489,10230,78.93,61.81650253,669.494134897361,0.0990613623664896,6855713,88.758,-1.206914629186079,-2.998935075491867,-0.4943316876888275,-1.6387401819229126,-0.8328024744987488,-0.4255921542644501,-0.8582801222801208,-1.1602132320404053,13,30,0.6621373515124402
LBR,Liberia,Africa,Sub-Saharan Africa,6.73955679,45.42477798,43.22747,4.247,0.191398712,3070518100,621.892953622715,7.984479722,96320,64.104,56.56895266,50.0309073920266,2.42719460419122,4937374,51.615,-0.03733035846417807,-2.4952173041357457,-0.02834293246269226,-0.22901391983032227,-1.3751332759857178,-0.9789447784423828,-0.9952112436294556,-0.8775807023048401,27,33,0.8058006138485762
LCA,St. Lucia,Americas,Latin America and the Caribbean,4.39812708,464.70913696,63.6504,1.424,17.73884072,2122450629.62963,11611.4154473966,50.81524478,610,76.203,101.6795958,298.17868852459,0.494134202023454,182790,18.754,2.096706746399418,1.58936675977889,0.928154706954956,0.9261937737464905,0.22584962844848633,0.23496533930301666,0.569129467010498,0.5247429609298706,37,54,0.5912142017013594
LKA,Sri Lanka,Asia,Southern Asia,3.75841475,157.46585083,61.80614,2.188,7.814377529,84008783756.068,3853.08369288942,34.1133479,61864,76.978,144.3395582,350.284495021337,0.611875945764341,21803000,18.585,3.732474045864214,2.7374627877746978,-0.04258374869823456,-0.22812418639659882,-0.11354987323284149,-0.18437041342258453,-0.011983425356447697,-0.319470077753067,23,33,0.5882475725131796
LSO,Lesotho,Africa,Sub-Saharan Africa,9.28354836,124.78967285,59.4294,3.108,0.297797737,2376328637.26318,1118.13128380194,29.78780333,30360,54.331,74.49375796,69.437812911726,0.80956647567982,2125268,28.585,1.0234296999949033,0.23351846906729606,0.029661079868674278,-0.35466569662094116,-0.8322616815567017,-0.5356035828590393,-0.3805970847606659,-0.027304306626319885,27,36,0.7646761559841657
LTU,Lithuania,Europe,Northern Europe,6.56775236,1249.25463867,81.61948,1.61,28.69322557,54627411860.4705,19550.7277776539,81.58186838,62630,76.1341463414634,168.8207501,44.731646175954,-0.264704354944785,2794137,67.855,3.420343222739614,4.423713054429916,1.0248534679412842,0.8421939611434937,1.043380856513977,1.1573636531829834,1.0228707790374756,0.6759859919548035,38,52,0.44308564683836194
LUX,Luxembourg,Europe,Western Europe,5.28587103,6227.08398438,69.6031,1.34,37.37033663,71104919108.1411,114685.168424149,97.06129871,2430,82.4463414634146,135.7577766,250.185185185185,1.9628449198635,620001,91.223,3.218005716238116,1.0048826917827272,1.5244420766830444,1.3621183633804321,1.7336456775665283,1.6998822689056396,1.7934256792068481,2.112196207046509,38,59,0.5067281932506777
LVA,Latvia,Europe,Northern Europe,6.18923044,1101.49255371,80.28054,1.61,26.68917626,34102913582.4235,17819.2713755111,86.13545644,62090,75.2390243902439,108.6572233,31.0383958769528,-0.695239140136066,1913822,68.222,3.1417822005021416,3.9896867999815058,0.8849514722824097,0.4488481283187866,1.1050282716751099,1.192685604095459,1.013924241065979,0.4849397540092468,37,52,0.45241197979749426
MAR,Morocco,Africa,Northern Africa,5.31261539,174.78184509,73.38133,2.382,4.801908567,119700325461.938,3204.09500313298,74.37631447,446300,76.68,127.9529984,80.7285189334528,1.22105092988365,36471769,62.994,3.095118308235498,1.684674518683393,-0.6268053650856018,-0.3693983554840088,-0.11922524124383926,-0.21152836084365845,-0.13564912974834442,-0.27653631567955017,13,24,0.6648819802145034
MDA,Moldova,Europe,Eastern Europe,6.59544849,212.97038269,74.39091,1.269,16.58388287,11968713370.4969,4494.02379666688,76.12451989,32885.3,71.901,89.37944428,94.018880412443,-1.67418200483071,2663251,42.726,3.3286813531183213,4.7960941584947925,-0.08993624895811081,-0.3827970623970032,-0.383404940366745,0.009786710143089294,-0.37302857637405396,-0.6186847686767578,26,35,0.5481259196929469
MDG,Madagascar,Africa,Sub-Saharan Africa,4.78956461,22.0497551,47.72865,4.026,0.103612351,14114631280.6774,523.359064460847,4.713662899,581800,67.041,40.57034123,45.1398556204881,2.65624016241262,26969307,37.861,4.094908180724382,1.3446942300980222,-0.22059810161590576,-0.25254756212234497,-1.142453670501709,-0.7300456166267395,-1.0088132619857788,-1.0093696117401123,27,33,0.8100498396213829
MDV,Maldives,Asia,Southern Asia,9.41152477,973.53692627,53.27453,1.84,9.977530968,5642179170.45898,10626.513402239,63.18566588,300,78.921,155.9539168,1718.98666666667,2.91560605041598,530953,40.238,6.3096094762255035,2.161978814145062,-0.4419447183609009,0.013524998910725117,-0.19421827793121338,-0.47961467504501343,-0.41108790040016174,-0.26250743865966797,19,21,0.7573433580183668
MEX,Mexico,Americas,Latin America and the Caribbean,5.37147474,519.60546875,72.35556,2.103,15.17138918,1268870527160.03,9946.03382879198,70.06991047,1943950,75.054,95.66159745,64.9146264050001,1.09136213246927,127575529,80.444,2.0354554418595794,0.852889752381714,0.01832827739417553,-0.7145709991455078,-0.15700839459896088,0.10367979109287262,-0.6581035852432251,-0.8210800886154175,27,34,0.6651972730601023
MKD,North Macedonia,Europe,Southern Europe,6.58288956,399.09707642,80.74807,1.489,21.80508472,12547040498.9077,6022.21617939574,79.16775519,25220,75.797,92.203062310000007,82.5915146708961,0.0240494411584019,2083459,58.208,2.777168614436572,2.721031819775682,-0.0015601958148181438,-0.049200501292943954,-0.002485753735527396,0.5087844729423523,-0.24343633651733398,-0.40946370363235474,27,39,0.5189996630601625
MLI,Mali,Africa,Sub-Saharan Africa,3.8849268,34.95166016,52.94472,5.785,0.725006487,17279566718.6087,879.008010446655,12.72064096,1220190,59.306,116.6214561,15.635015858186,2.99663676010293,19658031,43.136,5.365476233892062,2.268981988104206,-0.41409948468208313,-2.1534361839294434,-1.0564441680908203,-0.5731859803199768,-0.8342335820198059,-0.6966434717178345,9,24,0.8470842626185973
MLT,Malta,Europe,Southern Europe,8.96454525,2753.51098633,66.13941,1.1,45.98680207,14989415684.1203,29737.2459818839,85.77859638,320,82.6,144.0568429,1514.46875,3.93135631850717,504062,94.678,6.322564601442368,3.221051551839668,1.110596776008606,1.090186595916748,0.8584199547767639,0.9556453824043274,0.952232301235199,0.23938655853271484,35,55,0.4682160853866603
MMR,Myanmar,Asia,South-eastern Asia,4.79125547,59.20605469,46.82775,2.138,0.240279346,76085852617.1371,1407.81314341043,23.62108195,652790,67.134,113.8444919,82.2751497418772,0.625548337219885,54045420,30.852,5.75726059900488,5.057158966684662,-0.8377732038497925,-1.2617672681808472,-1.1498692035675049,-0.7603928446769714,-1.0627838373184204,-0.6251955032348633,13,15,0.6703039528491423
MNE,Montenegro,Europe,Southern Europe,8.4230423,731.48168945,73.81891,1.748,28.46890143,5542577964.98146,8910.49593423682,73.47666575,13450,76.884,183.2837304,46.2622304832714,-0.0319870125812963,622028,67.15,4.03940820513591,4.032278334558728,0.02666332758963108,0.010601907037198544,0.15625758469104767,0.3652314841747284,0.0957447960972786,-0.030126255005598068,24,39,0.5209500552226832
MNG,Mongolia,Asia,Eastern Asia,3.78789377,155.09367371,67.77262,2.867,9.838777341,13996719329.4097,4339.84327925027,51.07999408,1557255,69.87,137.0136492,2.03576678193359,1.71875309742159,3225167,68.543,4.258193487109228,2.3477315439468267,0.34896886348724365,0.6434916853904724,-0.19483031332492828,-0.01124198455363512,-0.2662930488586426,-0.44176074862480164,36,48,0.7065791342213084
MOZ,Mozambique,Africa,Sub-Saharan Africa,8.17430115,40.26391602,54.9955,4.783,0.230438375,15291448211.603,503.570772675202,20.7740003,786380,60.854,48.65094674,37.508535313716,2.90713743750143,30366036,36.528,4.003244347084496,1.0453492657807204,-0.5082346796989441,-0.7454385757446289,-0.8232895731925964,-0.724764347076416,-1.0201843976974487,-0.8010145425796509,14,29,0.8388846171211201
MRT,Mauritania,Africa,Sub-Saharan Africa,4.58039093,54.48972321,51.06288,4.503,0.238968769,7600656943.97506,1679.44487300408,20.80096366,1030700,64.925,104.090067,4.27216357815077,2.7412802727648,4525696,54.507,3.636226638682132,0.7566096179551665,-0.7802137136459351,-0.5422165989875793,-0.49821245670318604,-0.7593396902084351,-0.5827178955078125,-0.8615845441818237,14,21,0.8032712302058158
MUS,Mauritius,Africa,Sub-Saharan Africa,5.82624388,653.347229,81.46811,1.4,24.19530145,14048430518.5561,11099.2402835688,63.99989817,2030,74.2358536585366,147.0148102,623.30197044335,0.0322400432027594,1265711,40.766,3.5959193232763877,3.517567787342372,0.8081410527229309,0.8220398426055908,0.8711398839950562,0.9965204000473022,0.7635766267776489,0.317111998796463,37,50,0.541420165092849
MWI,Malawi,Africa,Sub-Saharan Africa,9.33423615,35.49821854,60.9371,4.127,0.060970284,7666704427.00915,411.552340423602,13.78216439,94280,64.263,47.78113633,192.440761561307,2.64037519341292,18628747,17.174,3.36466267061558,0.62783144755838,-0.09486646950244904,-0.26725292205810547,-0.7494366765022278,-0.701195478439331,-0.33112335205078125,-0.7811526656150818,29,37,0.8415061043551555
MYS,Malaysia,Asia,South-eastern Asia,3.7562995,427.21704102,81.47337,1.983,9.278625012,364681367531.684,11414.2069765208,84.21322418,328550,76.156,139.5962795,95.9628214883579,1.32706064876164,31949777,76.607,4.885355846967966,3.480419619990124,-0.04342946037650108,0.11027669906616211,0.9986856579780579,0.673140823841095,0.5909451842308044,0.24752280116081238,21,30,0.6758454674805272
NAM,Namibia,Africa,Sub-Saharan Africa,7.95077181,471.48568726,61.35078,3.344,2.538113392,12366528259.1844,4957.45822226408,36.83740647,823290,63.708,113.1938682,2.97374558175127,1.87248088130699,2494530,51.042,0.7108118750947483,-1.14091518622653,0.5421897768974304,0.5339198112487793,0.09664949029684067,-0.1089082583785057,0.3099801242351532,0.372481107711792,31,46,0.7933028505638751
NER,Niger,Africa,Sub-Saharan Africa,7.33380175,30.35857964,56.75932,6.824,0.040041881,12911689659.351,553.89505038138,5.250487687,1266700,62.42,40.63849996,17.7176505881424,3.79366815330185,23310715,16.517,5.644596928318856,1.6666995954859136,-0.5653688907623291,-1.4030383825302124,-0.8010616898536682,-0.6687044501304626,-0.5329312086105347,-0.5541662573814392,20,28,0.8516693114442331
NGA,Nigeria,Africa,Sub-Saharan Africa,3.88990784,83.75351715,56.87589,5.317,0.041480149,448120428858.769,2229.85869624463,7.469439317,910770,54.687,91.85357742,215.064988965381,2.5648418857943,200963599,51.157,1.1945795167548228,-1.4091957449830177,-0.4129960238933563,-1.934673547744751,-1.0886335372924805,-0.8609851598739624,-0.897982120513916,-1.0949479341506958,21,24,0.8215171978181541
NIC,Nicaragua,Americas,Latin America and the Caribbean,8.56453705,173.76611328,54.38673,2.377,3.32469534,12520915291.1837,1912.90374537869,27.86304001,120340,74.485,88.43373663,53.7270483629716,1.22957367676273,6545502,58.76,1.231378913975574,-0.04723447658243209,-1.0770896673202515,-1.034827709197998,-0.7708743810653687,-0.6890581250190735,-1.175689935684204,-1.121843695640564,10,20,0.7280195272998882
NLD,Netherlands,Europe,Western Europe,9.97458649,5306.53466797,76.10376,1.57,43.62720527,907050863145.097,52295.0390498713,93.2885906,33670,82.0121951219512,127.2845209,511.779744579745,0.65507157480522,17344874,91.876,2.220023883210702,1.648067811567192,1.564838171005249,0.8572519421577454,1.7980079650878906,1.8610787391662598,1.808467149734497,1.9997575283050537,40,58,0.46316205795660104
NOR,Norway,Europe,Northern Europe,10.0493927,8239.09570313,82.62729,1.53,42.02760921,403336363636.364,75419.6348688089,98.00000439,365107.85,82.9073170731707,107.3802483,14.5488956208419,0.675061373245644,5347896,82.616,1.56124319254651,0.7480043985718852,1.6869549751281738,1.1861281394958496,1.8622915744781494,1.804054617881775,1.9849152565002441,2.0734682083129883,40,60,0.5040928276038483
NPL,Nepal,Asia,Southern Asia,5.84083414,57.84656143,63.1866,1.876,2.81879649,30641380603.9699,1071.05076055404,21.40351043,143350,70.778,139.4463618,195.939107080572,1.83733707688441,28608710,20.153,5.165458264224977,3.8747846122174563,-0.13064293563365936,-0.46563026309013367,-1.045199990272522,-0.7013751268386841,-0.535534143447876,-0.6740938425064087,25,31,0.7333022472348024
NZL,New Zealand,Oceania,Australia and New Zealand,9.21034622,4037.46289063,86.76465,1.72,34.72389862,206928765543.935,41557.8024107675,90.81109307,263310,81.7073170731707,134.9319679,18.6115225399719,1.59316723078585,4979300,86.615,3.277394643489548,1.28157605992923,1.5690345764160156,1.5076649188995361,1.6709036827087402,1.880906581878662,1.8847389221191406,2.1700706481933594,40,59,0.5263877399659109
OMN,Oman,Asia,Western Asia,4.13171434,678.23101807,69.98474,2.842,10.24420698,76331518668.5771,15343.0620043106,92.40844424,309500,77.861,138.2321115,15.6041453957997,2.96831339383564,4974986,85.443,2.0378797706133374,-2.201334230083736,-1.1362813711166382,0.5934847593307495,0.259309321641922,0.29245713353157043,0.5544039011001587,0.45212891697883606,6,17,0.7676592314758421
PAK,Pakistan,Asia,Southern Asia,3.20193386,42.87313461,60.95491,3.454,0.813089564,278221906022.841,1284.70204090039,17.07090203,770880,67.273,76.37688644,275.289318700706,2.02921486315548,216565318,36.907,4.5274815389517284,2.389391529780276,-0.8433507680892944,-2.246335744857788,-0.6770046949386597,-0.6444789171218872,-0.6675786972045898,-0.8467406630516052,15,22,0.7707169241693489
PAN,Panama,Americas,Latin America and the Caribbean,7.26584625,1131.66015625,66.56045,2.437,12.32868293,66800800000,15731.0160348471,63.62841477,74177,78.506,131.8517704,56.3095433894603,1.65178689075561,4246439,68.059,4.596752099472928,2.838217309974062,0.6217132806777954,0.30680492520332336,0.06554018706083298,0.36189696192741394,-0.11903498321771622,-0.5799239873886108,35,48,0.6529697817465925
PER,Peru,Americas,Latin America and the Caribbean,5.23800182,369.07846069,68.69658,2.233,7.927901427,226848050819.525,6977.69578355382,59.9505036,1280000,76.736,131.7778873,24.99160625,1.61615719697585,32510453,78.099,3.170293207591496,1.5866897661336692,0.28628385066986084,-0.1417345404624939,-0.06754565984010696,0.5639061331748962,-0.48720264434814453,-0.44769078493118286,29,42,0.6523053409699315
PHL,Philippines,Asia,South-eastern Asia,4.40060663,136.53881836,62.82943,2.526,5.475649603,376795508678.853,3485.08421835861,43.02661187,298170,71.231,154.7610716,357.688305329175,1.36399467911631,108116615,47.149,6.562163124133536,5.019207968241606,0.030184244737029076,-0.884965717792511,0.05296817049384117,0.009308159351348877,-0.4773007035255432,-0.5733455419540405,25,31,0.7203226530699415
PNG,Papua New Guinea,Oceania,Melanesia,2.36706114,63.7678833,59.77357,3.52,0.213319782,24829107011.0701,2829.17030896837,11.20919659,452860,64.501,47.61771578,19.0043633794109,1.95367908220702,8776109,13.25,4.244657604501975,2.195223657786456,0.07404211163520813,-0.8261072039604187,-0.8086790442466736,-0.5425463914871216,-0.8009730577468872,-0.99163818359375,23,39,0.767911321996725
POL,Poland,Europe,Eastern Europe,6.33085012,978.73565674,76.38122,1.42,20.54459107,595858207011.512,15694.7386279643,84.51645192,306170,77.8560975609756,127.7270912,124.031583760656,-0.0244271070993493,37965475,60.037,4.420667273176882,4.445967405414504,0.6982618570327759,0.521514892578125,0.6016291975975037,1.0141236782073975,0.4520929753780365,0.602715015411377,34,48,0.48061853667741355
PRT,Portugal,Europe,Southern Europe,9.40783501,2215.17358398,76.46616,1.42,38.79939806,238785085030.988,23213.9781989813,75.34637155,91605.6,80.6829268292683,116.4632624,112.261935951514,0.0237334946497115,10286263,65.764,2.480635736997258,2.708247790444048,1.2387827634811401,1.1282484531402588,1.1540054082870483,0.969747006893158,1.1356768608093262,0.763995349407196,39,57,0.4122556291348236
PRY,Paraguay,Americas,Latin America and the Caribbean,6.65451145,400.39273071,59.05401,2.405,5.356969473,38145288939.8488,5414.79913793258,68.51762842,397300,74.254,110.1809661,17.5083589227284,1.26516727108041,7044636,61.879,3.1346617433869497,1.796833359355108,0.08214247971773148,-0.001913156476803124,-0.533756673336029,-0.2034580111503601,-0.556403398513794,-0.8293102383613586,28,37,0.7264860555665096
QAT,Qatar,Asia,Western Asia,2.49480486,1716.26513672,68.66573,1.846,10.05198676,175837550996.185,62088.0618276987,99.65280421,11490,80.227,138.3290367,242.0954743255,1.79528505056432,2832067,99.188,1.665922699495081,-1.174149352649184,-1.2906183004379272,0.7046954035758972,0.7052067518234253,0.6793299317359924,0.7343184351921082,0.8489959239959717,7,18,0.7196498390399386
ROU,Romania,Europe,Eastern Europe,5.55660582,687.25439453,73.3332,1.76,27.2544319,250077444017.084,12913.0739557854,73.65748258,230080,75.4585365853659,117.0747154,84.633801286509,-0.547516188385597,19366221,54.084,4.720654300297004,5.30162495496129,0.48513972759246826,0.5255054235458374,-0.28124380111694336,0.4620535969734192,0.36400461196899414,-0.1282404661178589,35,48,0.45466252343836455
RUS,Russian Federation,Europe,Eastern Europe,5.31590033,609.00915527,78.16284,1.504,22.52492345,1699876578871.35,11584.9953826104,82.64216187,16376870,73.0839024390244,164.3876311,8.82206789209416,-0.0495686654330689,144406261,74.587,0.7849935301959408,0.6982140686095999,-1.1000820398330688,-0.5423039793968201,0.15036487579345703,-0.4316224455833435,-0.723688542842865,-0.8318731784820557,5,15,0.5101027993501916
RWA,Rwanda,Africa,Sub-Saharan Africa,7.54268694,58.30852127,76.48282,3.99,0.070365369,10354417725.1555,820.025241658159,21.76763262,24670,69.024,76.49153596,498.659870287799,2.60765264493972,12626950,17.313,7.3623956224495135,4.59964679751324,-1.079367995262146,0.11567217856645584,0.18502268195152283,0.07738430052995682,0.07618818432092667,0.5643460154533386,8,13,0.8131159643644688
SAU,Saudi Arabia,Asia,Western Asia,6.3615365,1484.59338379,71.55722,2.275,19.84896754,792966838161.659,23139.7986561214,95.7247356,2149690,75.133,120.5147446,15.6766543082956,1.67311172870933,34268528,84.065,1.5602154960837082,-0.5117090099549833,-1.6169171333312988,-0.4279959797859192,0.3064448833465576,-0.06819485127925873,0.16855593025684357,0.2746393382549286,1,6,0.6740758262486259
SDN,Sudan,Africa,Northern Africa,4.51304483,60.17465973,44.82932,4.347,0.07652306,30513456084.7961,441.505603374484,30.87029573,1849233.715,65.311,77.11203717,22.6047863290228,2.39143403307158,42813238,34.936,1.116078558096191,-0.6087761078089101,-1.6359678506851196,-1.6736141443252563,-1.621904730796814,-1.6738343238830566,-1.140473484992981,-1.3669849634170532,2,15,0.8017628987035015
SEN,Senegal,Africa,Sub-Saharan Africa,3.97799659,58.90360641,59.275,4.556,0.933011806,23578084052.0147,1446.83096499408,29.64312367,192530,67.941,109.721371,82.3474783150678,2.74974740844133,16296364,47.653,6.3562694700045,3.43022747108837,0.2603853940963745,0.05736391618847847,-0.05736938491463661,-0.1122397631406784,-0.1907603144645691,0.0484844334423542,29,42,0.8242877766215552
SGP,Singapore,Asia,South-eastern Asia,4.46444654,2823.63818359,86.1981,1.14,25.91165882,372062527488.638,65233.2824392302,88.94925269,709,83.4975609756098,155.6474064,7952.99858956276,1.14428330688929,5703569,100,2.9480041478139998,2.0942653658610255,-0.18336543440818787,1.5316022634506226,2.221086025238037,2.161376714706421,1.878558874130249,2.1594765186309814,19,29,0.4719198480389286
SLB,Solomon Islands,Oceania,Melanesia,4.47443104,94.96378326,55.26279,4.361,0.156011364,1589913622.23799,2373.63247042576,11.92422906,27990,72.996,71.37945398,23.324687388353,2.56538506367278,669823,24.21,3.5556663383649343,0.8602803762934039,0.5980532765388489,0.5017839670181274,-0.9972015619277954,-0.8322485685348511,-0.13986755907535553,-0.00740398932248354,30,49,0.7871326817164586
SLV,El Salvador,Americas,Latin America and the Caribbean,7.10940361,288.51745605,65.25247,2.021,7.666788252,27022640000,4187.2500311069,33.8207289,20720,73.317,146.9221022,309.881467181467,0.509683301933842,6453553,72.746,2.400965418419866,1.893200851976488,0.13837362825870514,-0.12745198607444763,-0.4654403030872345,0.02163848653435707,-0.7624596357345581,-0.5525648593902588,30,33,0.6839627801752524
SRB,Serbia,Europe,Southern Europe,8.53899002,617.08654785,75.65345,1.52,18.51056202,51475016532.1293,7411.55864879005,77.41677362,87460,75.6853658536585,96.37095905,79.8376857992225,-0.536610017822353,6945235,56.26,3.1978889221315,3.743041281454906,0.02662612684071064,-0.0916651114821434,0.019078735262155533,0.11386710405349731,-0.11906975507736206,-0.44555148482322693,22,42,0.48051700474973064
STP,Sao Tome and Principe,Africa,Sub-Saharan Africa,6.26645994,125.40039825,44.9711,4.267,0.763522059,418637388.988052,1946.64361370086,29.9312292,960,70.385,77.07806339,219.820833333333,1.89076332349799,215056,73.598,3.234396081810798,1.3081575872460882,0.3727668821811676,0.5156372785568237,-0.6269139647483826,-0.9070695042610168,-0.6797023415565491,0.22584551572799683,35,49,0.8097315092953398
SUR,Suriname,Americas,Latin America and the Caribbean,7.96947193,474.1265564,47.46427,2.394,13.81559483,3697371949.58434,6359.83361442737,48.94517397,156000,71.682,139.9867899,3.69222435897436,0.929025561206018,581363,66.095,-0.8731545832794381,-1.8489634714028267,0.38978254795074463,0.1134033054113388,-0.590061366558075,-0.6795514225959778,-0.05965122580528259,-0.39323732256889343,34,45,0.6602707774660582
SVK,Slovak Republic,Europe,Eastern Europe,6.68639565,1299.91137695,75.58542,1.56,29.04687968,105079673009.733,19266.0141007811,82.8536605,48080,77.4707317073171,135.5967816,113.285586522463,0.135328072840865,5454147,53.729,3.2153123947332682,3.080727302398466,0.9109987020492554,0.7827881574630737,0.6739016771316528,1.0067802667617798,0.5567356944084167,0.327202707529068,37,53,0.48606445700858447
SVN,Slovenia,Europe,Southern Europe,8.29891014,2169.57910156,76.51751,1.61,30.20892366,54174227308.8862,25940.728030936,83.1083578,20136.4,81.280487804878,120.8464227,102.992292564709,0.696304046333357,2088385,54.822,3.552865245962732,3.28999175423191,1.0074244737625122,0.8167541027069092,1.081404447555542,1.00883948802948,1.1184208393096924,0.9058986902236938,39,56,0.4360928393813198
SWE,Sweden,Europe,Northern Europe,10.8985014,5981.70605469,81.99155,1.7,40.24085778,530883869004.977,51647.9915583251,94.49344341,407310,82.9585365853659,128.4911022,24.9814981218237,1.01372226345511,10278887,87.708,2.467760432905208,1.2787415983200314,1.5922601222991943,1.0517905950546265,1.8299006223678589,1.8016748428344727,1.90652596950531,2.1184780597686768,40,60,0.4874002409015684
SWZ,Eswatini,Africa,Sub-Saharan Africa,6.54034519,271.14007568,59.49273,2.958,0.711234392,4471598726.6436,3894.67980685427,30.3,17200,60.194,93.52732251,66.0576162790698,1.04530919354082,1148130,23.981,1.989228394964774,1.0276247347063914,-1.3212302923202515,-0.37859588861465454,-0.6783169507980347,-0.6122773885726929,-0.5018827319145203,-0.4876726269721985,1,18,0.812075778677209
SYC,Seychelles,Africa,Sub-Saharan Africa,5.11036491,833.07897949,61.70497,2.34,27.59799057,1703387387.32319,17448.2702926831,58.76981124,460,73.9439024390244,198.1522217,210.352173913043,0.887925293341637,97625,57.119,4.58841204177602,3.210508665178934,0.33566996455192566,0.6894370317459106,0.5179413557052612,-0.1530526727437973,0.17143608629703522,0.9692126512527466,34,43,0.5922147101003893
TCD,Chad,Africa,Sub-Saharan Africa,4.09880257,29.23851013,36.93568,5.649,4.26416e-4,11314951342.7807,709.540310138533,6.49999812,1259200,54.239,48.06483101,12.2917336404066,2.98593746093303,15946876,23.279,-0.171065533667048,-3.2083310019578035,-1.4177297353744507,-1.3400243520736694,-1.5684038400650024,-1.1192482709884644,-1.2833583354949951,-1.4205666780471802,3,14,0.85557030591564
TGO,Togo,Africa,Sub-Saharan Africa,6.16532087,41.83677292,62.28934,4.259,0.394674035,5490272413.38702,679.290249091295,12.36022497,54390,61.042,77.19500701,145.046773303916,2.42033520841497,8082366,42.248,5.185837341920316,2.60402561675783,-0.7209277153015137,-0.8053930401802063,-0.9173346757888794,-0.6789817214012146,-0.5887966752052307,-0.7497167587280273,15,28,0.8113480701987947
THA,Thailand,Asia,South-eastern Asia,3.79303908,275.91650391,80.09233,1.514,14.51882873,543548969968.693,7806.74221105532,66.65241317,510890,77.15,186.1585875,135.897206835131,0.283426556156345,69625582,50.692,3.42696460419771,3.071880932072276,-0.8272712826728821,-0.5375580787658691,0.3570563495159149,0.11610496789216995,0.10288157314062119,-0.4073984920978546,5,25,0.5047890946863337
TJK,Tajikistan,Asia,Central Asia,7.2394805,59.84311676,61.26761,3.556,0.067565528,8116626794.25837,870.787589323223,21.96,138790,71.097,111.5281656,65.5727141724908,2.39054628853621,9321018,27.309,6.962002726435664,4.389561133506158,-1.8295934200286865,-0.5751481056213379,-1.049005389213562,-1.0110654830932617,-1.2279412746429443,-1.3211725950241089,0,8,0.7784826837140086
TLS,Timor-Leste,Asia,South-eastern Asia,4.32635784,93.69417572,39.36487,3.943,0.046399442,2017924900,1560.50982160188,27.49273173,14870,69.495,110.2184718,85.270477471419,1.96383558319426,1293119,30.947,3.968189158491644,1.9832142749868562,0.38276639580726624,0.23987026512622833,-0.884692370891571,-0.7843469977378845,-1.1110148429870605,-0.38298270106315613,33,39,0.7906706260826528
TON,Tonga,Oceania,Polynesia,5.09657621,236.93453979,61.38921,3.518,3.543744138,512350059.421629,4903.15290276599,41.24872764,720,70.907,59.4330775,143.329166666667,1.24898706310596,104494,23.107,2.4198721444836098,1.7368975639055542,0.5559594631195068,1.1205109357833862,0.1627243310213089,-0.32663923501968384,0.45866918563842773,-0.34568023681640625,30,49,0.7340593509861527
TTO,Trinidad and Tobago,Americas,Latin America and the Caribbean,6.93182945,1123.42370605,61.29128,1.711,24.32591885,24269714809.9078,17397.9817601543,77.32605293,5130,73.507,155.1087369,270.927485380117,0.367347659660472,1394973,53.187,-1.4066803153991794,-1.872057496918688,0.624919056892395,0.05524015054106712,0.10015146434307098,-0.15098600089550018,-0.1202659085392952,-0.19135574996471405,33,49,0.5758880663297894
TUN,Tunisia,Africa,Northern Africa,7.29209566,251.54672241,68.65706,2.174,10.20425544,38796687568.157,3317.4535932122,66.6999983,155360,76.699,126.3052836,74.4413233779609,1.11364374282179,11694719,69.254,1.595713943124484,0.4738378363104521,0.28140565752983093,-0.8325363397598267,-0.10227388888597488,-0.4372052252292633,0.06221868842840195,-0.07705046981573105,32,39,0.6232489000806433
TUR,Turkey,Asia,Western Asia,4.12414074,389.86557007,76.79104,2.055,17.05866436,761425499358.159,9126.56134585014,73.97670403,769630,77.691,96.83716867,106.960128893104,1.33926035058318,83429615,75.63,4.157014024692012,2.559381804846864,-0.8147029876708984,-1.3428292274475098,0.048385970294475555,-0.007316892966628075,-0.28296324610710144,-0.2909700572490692,16,16,0.634350309237343
TZA,Tanzania,Africa,Sub-Saharan Africa,3.62868047,36.82281494,54.46329,4.832,1.792339801,63177068174.549,1122.12181047515,15.99999943,885800,65.456,82.20817408,63.5790787988259,2.95168167328042,58005463,34.5,6.209952818556274,3.09048942349657,-0.5037909746170044,-0.36204707622528076,-0.8790504336357117,-0.6409062147140503,-0.5779313445091248,-0.39087092876434326,12,22,0.8299177037830971
UGA,Uganda,Africa,Sub-Saharan Africa,6.52623558,43.13787842,59.9818,4.824,0.232325189,35165157016.9125,794.341077917102,23.70653091,200520,63.368,57.36556563,213.061734490325,3.55574052888872,44269594,24.361,5.348787027122216,1.5884244151235907,-0.6238396167755127,-0.6457884311676025,-0.5852001309394836,-0.37422439455986023,-0.3146112263202667,-1.1656256914138794,11,23,0.8605481356265524
UKR,Ukraine,Europe,Eastern Europe,7.72391653,228.39007568,70.2106,1.228,16.15913118,153781069118.148,3659.03131229487,62.55315539,579400,71.8273170731707,130.6294363,77.015046599931,-0.530994160113763,44386203,69.473,0.31338643272625,0.7764444927097178,0.055237796157598495,-1.5238696336746216,-0.29658252000808716,-0.2586700916290283,-0.6983514428138733,-0.7095971703529358,26,34,0.48626415417404506
URY,Uruguay,Americas,Latin America and the Caribbean,9.20269966,1590.04821777,61.53994,1.963,29.24574794,56045912952.9732,16190.126957465,76.94955197,175020,77.911,138.0749359,19.7080276539824,0.359859761032412,3461734,95.426,1.2988166933425631,0.9374404297823772,1.2569401264190674,1.045502781867981,0.6957387924194336,0.5094084143638611,0.6212631464004517,1.2465108633041382,40,58,0.5568280724296601
USA,United States,Americas,Northern America,16.88529778,10623.84960938,83.99668,1.705,34.72232806,21433226000000,65297.517508274,88.49890317,9147420,78.7878048780488,134.4588794,35.7136220923495,0.473953539373292,328239523,82.459,2.400832624671084,1.7732013239410307,0.9652480483055115,0.29798582196235657,1.4891815185546875,1.3453584909439087,1.4610936641693115,1.2153260707855225,32,51,0.5240578402987073
UZB,Uzbekistan,Asia,Central Asia,5.29149055,82.26926422,69.87898,2.785,13.93882902,57921286440.3495,1724.85654379271,55.20000067,440555,71.725,101.2075903,74.8058698686884,1.87647016682647,33580350,50.433,5.802722043757474,3.960950095992736,-1.6055108308792114,-0.27243340015411377,-0.5146490335464478,-0.993292510509491,-1.0481816530227661,-1.053790807723999,2,9,0.7127277198502184
VCT,St. Vincent and the Grenadines,Americas,Latin America and the Caribbean,4.47178459,329.25665283,57.0869,1.872,20.33746575,824718518.518518,7457.50950382514,20.68943522,390,72.534,92.86637912,282.589743589744,0.343298993403754,110589,52.614,1.3772254805742963,1.0584602951320965,0.927590548992157,0.9597089886665344,0.22584962844848633,0.21223247051239014,0.44635623693466187,0.7815564870834351,36,55,0.6041612036928197
VNM,Vietnam,Asia,South-eastern Asia,5.91789675,151.68611145,69.76594,2.05,15.34527973,261921244843.172,2715.27603640721,68.7,310070,75.4,141.2268627,308.125245912213,0.960110493934853,96462106,36.628,6.75911392307833,5.687004852588434,-1.380526065826416,0.1318749189376831,0.039076801389455795,-0.2623482942581177,-0.016898753121495247,-0.5138410925865173,3,16,0.6295838258065022
VUT,Vanuatu,Oceania,Melanesia,3.37372637,105.3915863,61.05191,3.744,2.630367945,934239973.812573,3115.35862043261,25.71978784,12190,70.474,88.44112017,24.0098441345365,2.43092019311926,299882,25.394,2.8423883511460977,0.24665677847971582,0.663360595703125,1.0262949466705322,-0.5464751124382019,-0.4600435793399811,0.1778533160686493,-0.2588750422000885,33,49,0.7820509400364144
WSM,Samoa,Oceania,Polynesia,5.21262693,227.32792664,62.07404,3.83,0.866128834,852250190.985485,4324.01401840457,33.61093932,2830,73.321,63.58317294,69.3038869257951,0.491828866926665,197097,18.056,2.9777162295563118,2.4610929573771894,0.7477008700370789,1.1205109357833862,0.4364130198955536,-0.22384203970432281,1.0770641565322876,0.6406355500221252,30,51,0.7405539516877819
ZAF,South Africa,Africa,Sub-Saharan Africa,8.25342083,525.95690918,67.01897,2.381,2.135233845,351431649241.439,6001.4011214068,56.16739447,1213090,64.131,165.5999383,47.640752128861,1.31629200967216,58558267,66.856,0.7893944487621104,-0.63207083965679,0.6703882217407227,-0.2179308533668518,0.3673802316188812,0.15617172420024872,-0.07640767842531204,0.08492385596036911,33,46,0.717173648598583
ZMB,Zambia,Africa,Sub-Saharan Africa,4.93484306,75.99179077,66.93648,4.559,0.497681265,23309773922.7582,1305.06325350544,14.2999971,743390,63.886,96.41441171,23.3414789007116,2.89237292696711,17861030,44.072,3.13551062750357,0.1219130558813788,-0.28619879484176636,-0.10221624374389648,-0.6752145290374756,-0.5542691349983215,-0.4620692729949951,-0.6403450965881348,20,32,0.8500077879029848
ZWE,Zimbabwe,Africa,Sub-Saharan Africa,4.73433113,140.3203125,54.46935,3.531,1.395817464,21440758800,1463.98591018054,27.05548769,386850,61.49,90.10228966,37.3245909267158,1.41968104561509,14645468,32.21,0.7938901474223823,-0.7082085907712091,-1.1418747901916504,-0.9201785326004028,-1.2053371667861938,-1.463199496269226,-1.2570089101791382,-1.238795518875122,11,17,0.825809313226005
