country_name,country_code,WGI - VoiceandAccountability,WGI - Political StabilityNoViolence,WGI - GovernmentEffectiveness,WGI - RegulatoryQuality,WGI - RuleofLaw,WGI - ControlofCorruption
Aruba,ABW,1.2941887378692627,1.3573716878890991,1.0299327373504639,0.8573601245880127,1.2631280422210693,1.2172383069992065
Andorra,ADO,1.1391539573669434,1.6151394844055176,1.9087485074996948,1.228176474571228,1.5799388885498047,1.2343919277191162
Afghanistan,AFG,-0.98803228139877319,-2.6494066715240479,-1.4638749361038208,-1.1205554008483887,-1.7135269641876221,-1.4010756015777588
Angola,AGO,-0.7772831916809082,-0.3111005425453186,-1.1171437501907349,-0.89387136697769165,-1.0543431043624878,-1.0546833276748657
Albania,ALB,0.15180465579032898,0.11856954544782639,-6.1330899596214294E-2,0.27437981963157654,-0.41117939352989197,-0.52875757217407227
United Arab Emirates,ARE,-1.1220358610153198,0.70349431037902832,1.3772208690643311,0.97932523488998413,0.84021884202957153,1.106342077255249
Argentina,ARG,0.60043489933013916,-0.11997848749160767,-8.6485885083675385E-2,-0.49275258183479309,-0.43072563409805298,-7.1071356534957886E-2
Armenia,ARM,5.004274845123291E-2,-0.50641065835952759,-6.6817373037338257E-2,0.24951532483100891,-0.13127575814723969,-0.18416833877563477
Antigua and Barbuda,ATG,0.76044356822967529,0.95970898866653442,-3.8697037380188704E-3,0.48537468910217285,0.4052046537399292,0.27789819240570068
Australia,AUS,1.3151254653930664,1.0865033864974976,1.5718960762023926,1.8735394477844238,1.7341445684432983,1.8111071586608887
Austria,AUT,1.3265985250473022,0.98012268543243408,1.4909114837646484,1.4591155052185059,1.8830512762069702,1.5454288721084595
Azerbaijan,AZE,-1.4917879104614258,-0.68113100528717041,-0.13917681574821472,-0.22664128243923187,-0.57727032899856567,-0.86840724945068359
Burundi,BDI,-1.7082036733627319,-1.6490296125411987,-1.3263216018676758,-0.94953888654708862,-1.431904673576355,-1.4584697484970093
Belgium,BEL,1.3691196441650391,0.48118621110916138,1.0322270393371582,1.2909990549087524,1.3637149333953857,1.5519605875015259
Benin,BEN,9.2065192759037018E-2,-0.3478640615940094,-0.44065171480178833,-0.37596467137336731,-0.66412585973739624,-0.32376387715339661
Burkina Faso,BFA,-0.18009068071842194,-1.1886175870895386,-0.75851088762283325,-0.37649202346801758,-0.42625910043716431,-0.18865616619586945
Bangladesh,BGD,-0.72177541255950928,-0.91817349195480347,-0.73923009634017944,-0.92895430326461792,-0.63630837202072144,-0.99380964040756226
Bulgaria,BGR,0.3849186897277832,0.54012173414230347,0.33900025486946106,0.53167861700057983,3.5896573215723038E-2,-0.15519021451473236
Bahrain,BHR,-1.4125843048095703,-0.66151797771453857,0.29876098036766052,0.48509851098060608,0.49437779188156128,-1.0218021459877491E-2
"Bahamas, The",BHS,0.93426394462585449,0.82947945594787598,0.48609626293182373,-4.8303782939910889E-2,7.6531879603862762E-2,1.1846281290054321
Bosnia and Herzegovina,BIH,-0.19928631186485291,-0.40043973922729492,-0.63427704572677612,-0.19400231540203094,-0.23354159295558929,-0.61314517259597778
Belarus,BLR,-1.4025019407272339,0.28913021087646484,-0.18333275616168976,-0.5437806248664856,-0.79445779323577881,-5.9538982808589935E-2
Belize,BLZ,0.53171437978744507,6.9815292954444885E-2,-0.67670142650604248,-0.54425686597824097,-0.7755124568939209,-0.19602280855178833
Bolivia,BOL,-9.1236084699630737E-2,-0.61535465717315674,-0.69921797513961792,-0.99340617656707764,-1.1213886737823486,-0.74218934774398804
Brazil,BRA,0.34442514181137085,-0.54648113250732422,-0.18673795461654663,-0.17779399454593658,-0.18090397119522095,-0.33399847149848938
Barbados,BRB,1.1318668127059937,0.94173365831375122,0.63142502307891846,0.41230100393295288,0.35702922940254211,1.2617092132568359
Brunei Darussalam,BRN,-0.94895392656326294,1.1722456216812134,1.3183088302612305,0.63445532321929932,0.61426669359207153,0.80188637971878052
Bhutan,BTN,9.8764874041080475E-2,1.0925052165985107,0.31376519799232483,-0.32665666937828064,0.58970773220062256,1.6179190874099731
South Sudan,SSD,-1.9748085737228394,-2.5589020252227783,-2.4515552520751953,-2.0489647388458252,-1.9697244167327881,-1.7737241983413696
Botswana,BWA,0.52603143453598022,1.0112968683242798,0.42904797196388245,0.37009638547897339,0.49843922257423401,0.70781558752059937
Central African Republic,CAF,-1.201646089553833,-2.1829676628112793,-1.7472009658813477,-1.3728123903274536,-1.7283856868743896,-1.2284399271011353
Canada,CAN,1.4625053405761719,1.0299052000045776,1.7316431999206543,1.7160972356796265,1.7599397897720337,1.766973614692688
Switzerland,CHE,1.5279554128646851,1.3369934558868408,1.9521200656890869,1.66447913646698,1.9066414833068848,1.977294921875
Chile,CHL,1.0196022987365723,0.20638242363929749,1.0604203939437866,1.224169135093689,1.073613166809082,1.0884568691253662
China,CHN,-1.6123721599578857,-0.24038255214691162,0.5182531476020813,-0.24461442232131958,-0.27471861243247986,-0.32349681854248047
Côte d'Ivoire,CIV,-0.22257386147975922,-0.96235603094100952,-0.48258796334266663,-0.24286311864852905,-0.56690657138824463,-0.52507227659225464
Cameroon,CMR,-1.1946103572845459,-1.5552833080291748,-0.81214654445648193,-0.82700479030609131,-1.1189085245132446,-1.2086620330810547
"Congo, Rep.",COG,-1.2617318630218506,-0.89269912242889404,-1.3877066373825073,-1.2994359731674194,-1.1497093439102173,-1.409546971321106
Colombia,COL,0.2294834703207016,-0.9002540111541748,7.1223221719264984E-2,0.39661210775375366,-0.41692885756492615,-0.22916705906391144
Comoros,COM,-0.68938446044921875,-0.14867544174194336,-1.6691975593566895,-1.119255542755127,-1.0875025987625122,-1.0203497409820557
Cape Verde,CPV,0.9689362645149231,0.88090473413467407,0.29302796721458435,-0.22461752593517303,0.51534461975097656,0.87089073657989502
Costa Rica,CRI,1.1252985000610352,0.46021741628646851,0.4231586754322052,0.49803513288497925,0.54409223794937134,0.72237104177474976
Cuba,CUB,-1.4240325689315796,0.61341404914855957,-0.1725441962480545,-1.4867308139801025,-0.32248908281326294,4.3240487575531006E-2
Cayman Islands,CYM,0.49567258358001709,1.4457004070281982,1.1693935394287109,0.98276126384735107,0.7690085768699646,0.46616539359092712
Cyprus,CYP,1.077344536781311,0.51651078462600708,0.99249041080474854,1.012343168258667,0.75989937782287598,0.60487723350524902
Czech Republic,CZE,0.93685311079025269,0.95208495855331421,0.88563817739486694,1.2451283931732178,1.046504020690918,0.50622773170471191
Germany,DEU,1.335723876953125,0.58286529779434204,1.5853087902069092,1.7230501174926758,1.6187732219696045,1.8954731225967407
Djibouti,DJI,-1.4065248966217041,-0.34459272027015686,-0.71334266662597656,-0.7717018723487854,-0.91440337896347046,-0.85565990209579468
Dominica,DMA,0.89670205116271973,1.0737793445587158,-0.26126456260681152,0.10190054774284363,0.68633824586868286,0.5262952446937561
Denmark,DNK,1.578778862953186,1.0088208913803101,1.9378986358642578,1.5650123357772827,1.8984570503234863,2.1073682308197021
Dominican Republic,DOM,0.2019050121307373,1.8905935809016228E-2,-0.35747799277305603,-5.3592398762702942E-2,-0.34769749641418457,-0.76321697235107422
Algeria,DZA,-1.0376788377761841,-1.0035754442214966,-0.5161745548248291,-1.3033789396286011,-0.81546378135681152,-0.62184977531433105
Ecuador,ECU,6.0943637043237686E-2,-0.18901747465133667,-0.39858418703079224,-0.82361871004104614,-0.57735705375671387,-0.49641090631484985
"Egypt, Arab Rep.",EGY,-1.428673267364502,-1.0664205551147461,-0.42353767156600952,-0.82776600122451782,-0.42084598541259766,-0.67021304368972778
Eritrea,ERI,-2.1932094097137451,-0.71954989433288574,-1.7573686838150024,-2.2749180793762207,-1.5954957008361816,-1.3947665691375732
Spain,ESP,1.0854531526565552,0.32287275791168213,0.99904465675354004,1.050189733505249,0.97905218601226807,0.64679610729217529
Estonia,EST,1.2104718685150146,0.63889366388320923,1.1747465133666992,1.5911241769790649,1.281257152557373,1.5423293113708496
Ethiopia,ETH,-1.0461251735687256,-1.2795966863632202,-0.63457727432250977,-0.88897091150283813,-0.47347819805145264,-0.40646505355834961
Finland,FIN,1.5889769792556763,0.90908241271972656,1.9293129444122314,1.8510150909423828,2.0221455097198486,2.1530814170837402
Fiji,FJI,9.4157382845878601E-2,0.87231409549713135,0.20409767329692841,-0.21741810441017151,-2.5758849456906319E-2,0.55855661630630493
France,FRA,1.1416594982147217,0.31368103623390198,1.3846108913421631,1.4402916431427002,1.4120583534240723,1.3009679317474365
"Micronesia, Fed. Sts.",FSM,1.0942646265029907,0.99641239643096924,-0.18708164989948273,-0.96030133962631226,2.4115653708577156E-2,0.74971616268157959
Gabon,GAB,-1.0306549072265625,-0.17820948362350464,-0.89775323867797852,-0.95712226629257202,-0.73285096883773804,-0.93549144268035889
United Kingdom,GBR,1.2636747360229492,0.51918858289718628,1.4359085559844971,1.6258529424667358,1.6009106636047363,1.7748123407363892
Georgia,GEO,0.19604738056659698,-0.44585579633712769,0.82992327213287354,1.1220672130584717,0.30997923016548157,0.66849839687347412
Ghana,GHA,0.58425819873809814,9.834696352481842E-2,-0.21010401844978333,-0.11104956269264221,4.6889737248420715E-2,-7.9038634896278381E-2
Guinea,GIN,-0.74853748083114624,-0.83064049482345581,-0.77874583005905151,-0.7698209285736084,-1.2090275287628174,-0.9049651026725769
"Gambia, The",GMB,-0.21623168885707855,0.11141347885131836,-0.63067597150802612,-0.66491979360580444,-0.37157607078552246,-0.28522256016731262
Guinea-Bissau,GNB,-0.45870733261108398,-0.56263202428817749,-1.5144411325454712,-1.2333345413208008,-1.2640448808670044,-1.4539860486984253
Equatorial Guinea,GNQ,-1.8635632991790771,-0.19092559814453125,-1.3420116901397705,-1.5205161571502686,-1.4223147630691528,-1.7228856086730957
Greece,GRC,0.93572670221328735,0.29099845886230469,0.40559032559394836,0.52987897396087646,0.19883795082569122,-1.1819170787930489E-2
Grenada,GRD,0.70751404762268066,0.95970898866653442,-0.13592876493930817,-0.31319108605384827,0.17586329579353333,0.33976820111274719
Greenland,GRL,1.2941887378692627,1.8968154191970825,0.81379783153533936,1.3608247041702271,1.7459888458251953,1.0436985492706299
Guatemala,GTM,-0.31345415115356445,-0.54619091749191284,-0.67684084177017212,-0.22499264776706696,-1.0522887706756592,-0.89842039346694946
French Guiana,GUF,1.2941887378692627,0.27726107835769653,1.3873734474182129,1.3140485286712646,1.1659187078475952,0.91923779249191284
Guyana,GUY,0.28004568815231323,-0.23707984387874603,-0.38606047630310059,-0.62061625719070435,-0.43134814500808716,-9.1899707913398743E-2
"Hong Kong SAR, China",HKG,0.20938056707382202,-0.2677672803401947,1.7410968542098999,1.9834076166152954,1.604143500328064,1.6724414825439453
Honduras,HND,-0.55186033248901367,-0.53069734573364258,-0.6117631196975708,-0.49273231625556946,-1.0090796947479248,-0.8084532618522644
Croatia,HRV,0.53478074073791504,0.755473792552948,0.40997454524040222,0.59100580215454102,0.36613461375236511,0.12554092705249786
Haiti,HTI,-0.72632241249084473,-0.77788776159286499,-2.0153884887695313,-1.2606722116470337,-0.97110140323638916,-1.3391826152801514
Hungary,HUN,0.22006353735923767,0.73252707719802856,0.49536508321762085,0.60348665714263916,0.49313449859619141,-1.0351537493988872E-3
Indonesia,IDN,0.15639418363571167,-0.48120671510696411,0.18274074792861938,-9.3314334750175476E-2,-0.34253022074699402,-0.41899612545967102
India,IND,0.29398924112319946,-0.70276838541030884,0.17155437171459198,-0.16055570542812347,-3.075839951634407E-2,-0.23325395584106445
Ireland,IRL,1.3350648880004883,0.97336333990097046,1.2813749313354492,1.6019104719161987,1.394229531288147,1.4580987691879272
"Iran, Islamic Rep.",IRN,-1.3700543642044067,-1.698150634765625,-0.55350244045257568,-1.4231373071670532,-0.74937212467193604,-1.0479605197906494
Iraq,IRQ,-0.94547939300537109,-2.564838171005249,-1.3362704515457153,-1.1799684762954712,-1.7224633693695068,-1.3366540670394897
Iceland,ISL,1.3339440822601318,1.6558989286422729,1.5182777643203735,1.3729844093322754,1.7669236660003662,1.7079734802246094
Israel,ISR,0.68698638677597046,-0.77852314710617065,1.325652003288269,1.28099524974823,1.0475901365280151,0.80595439672470093
Italy,ITA,0.97227013111114502,0.46269926428794861,0.46193608641624451,0.9549630880355835,0.28019103407859802,0.23984207212924957
Jamaica,JAM,0.64091336727142334,0.41431635618209839,0.49582076072692871,0.16754899919033051,-0.31257364153862,-5.6555580347776413E-2
Jordan,JOR,-0.66504514217376709,-0.35786232352256775,9.9470265209674835E-2,3.4609373658895493E-2,0.14395745098590851,0.12797953188419342
Japan,JPN,0.95950436592102051,1.0412253141403198,1.5866638422012329,1.3269574642181396,1.537964940071106,1.4753322601318359
Kazakhstan,KAZ,-1.2128251791000366,-8.3448559045791626E-2,0.1247125044465065,0.13722650706768036,-0.43241328001022339,-0.31998226046562195
Kenya,KEN,-0.29052066802978516,-1.1236639022827148,-0.38326886296272278,-0.27703747153282166,-0.45431771874427795,-0.77724623680114746
Kyrgyz Republic,KGZ,-0.45736587047576904,-0.40978190302848816,-0.68152093887329102,-0.34735098481178284,-0.88630145788192749,-0.94541937112808228
Cambodia,KHM,-1.2025713920593262,-8.089669793844223E-2,-0.57918572425842285,-0.56883442401885986,-0.93566834926605225,-1.3024008274078369
Kiribati,KIR,1.1224985122680664,1.2045668363571167,-0.23553551733493805,-0.62179768085479736,0.73770260810852051,0.37104430794715881
St. Kitts and Nevis,KNA,0.84455472230911255,0.72827625274658203,0.54259264469146729,0.50208538770675659,0.47979530692100525,0.38506618142127991
"Korea, Rep.",KOR,0.77212280035018921,0.4780881404876709,1.3764177560806274,1.069812536239624,1.1940708160400391,0.75673425197601318
Kuwait,KWT,-0.63478946685791016,0.20038090646266937,1.8467279151082039E-2,6.4923897385597229E-2,0.21567395329475403,-0.1327890157699585
Lao PDR,LAO,-1.8016995191574097,0.52507293224334717,-0.7845454216003418,-0.71321463584899902,-0.94110077619552612,-1.0582287311553955
Lebanon,LBN,-0.49433168768882751,-1.6387401819229126,-0.83280247449874878,-0.42559215426445007,-0.85828012228012085,-1.1602132320404053
Liberia,LBR,-2.8342932462692261E-2,-0.22901391983032227,-1.3751332759857178,-0.97894477844238281,-0.99521124362945557,-0.87758070230484009
Libya,LBY,-1.4583346843719482,-2.5657525062561035,-1.9221433401107788,-2.3469474315643311,-1.848054051399231,-1.603636622428894
St. Lucia,LCA,0.92815470695495605,0.92619377374649048,0.22584962844848633,0.23496533930301666,0.56912946701049805,0.52474296092987061
Liechtenstein,LIE,1.2593640089035034,1.6277463436126709,1.6967663764953613,1.5408135652542114,1.679332971572876,1.9683111906051636
Sri Lanka,LKA,-4.2583748698234558E-2,-0.22812418639659882,-0.11354987323284149,-0.18437041342258453,-1.1983425356447697E-2,-0.31947007775306702
Lesotho,LSO,2.9661079868674278E-2,-0.35466569662094116,-0.83226168155670166,-0.53560358285903931,-0.38059708476066589,-2.7304306626319885E-2
Lithuania,LTU,1.0248534679412842,0.84219396114349365,1.0433808565139771,1.1573636531829834,1.0228707790374756,0.67598599195480347
Luxembourg,LUX,1.5244420766830444,1.3621183633804321,1.7336456775665283,1.6998822689056396,1.7934256792068481,2.1121962070465088
Latvia,LVA,0.88495147228240967,0.44884812831878662,1.1050282716751099,1.192685604095459,1.013924241065979,0.48493975400924683
Kosovo,KSV,-0.12958827614784241,-0.39246627688407898,-0.34941285848617554,-0.34727782011032104,-0.39301744103431702,-0.55613434314727783
"Macao SAR, China",MAC,-0.3028436005115509,1.2506430149078369,1.1693935394287109,1.6270740032196045,0.91880381107330322,0.70422101020812988
Morocco,MAR,-0.62680536508560181,-0.36939835548400879,-0.11922524124383926,-0.21152836084365845,-0.13564912974834442,-0.27653631567955017
Monaco,MCO,0.6848723292350769,1.5918735265731812,NA,NA,NA,NA
Moldova,MDA,-8.9936248958110809E-2,-0.38279706239700317,-0.383404940366745,9.7867101430892944E-3,-0.37302857637405396,-0.61868476867675781
Madagascar,MDG,-0.22059810161590576,-0.25254756212234497,-1.142453670501709,-0.7300456166267395,-1.0088132619857788,-1.0093696117401123
Maldives,MDV,-0.44194471836090088,1.3524998910725117E-2,-0.19421827793121338,-0.47961467504501343,-0.41108790040016174,-0.26250743865966797
Mexico,MEX,1.8328277394175529E-2,-0.71457099914550781,-0.15700839459896088,0.10367979109287262,-0.6581035852432251,-0.82108008861541748
Marshall Islands,MHL,1.1366156339645386,0.86258542537689209,-1.4705981016159058,-1.1167935132980347,-3.3094067126512527E-2,-4.3416276574134827E-2
North Macedonia,MKD,-1.5601958148181438E-3,-4.9200501292943954E-2,-2.4857537355273962E-3,0.50878447294235229,-0.24343633651733398,-0.40946370363235474
Mali,MLI,-0.41409948468208313,-2.1534361839294434,-1.0564441680908203,-0.57318598031997681,-0.83423358201980591,-0.69664347171783447
Malta,MLT,1.110596776008606,1.090186595916748,0.85841995477676392,0.95564538240432739,0.95223230123519897,0.23938655853271484
Myanmar,MMR,-0.83777320384979248,-1.2617672681808472,-1.1498692035675049,-0.76039284467697144,-1.0627838373184204,-0.62519550323486328
Mongolia,MNG,0.34896886348724365,0.64349168539047241,-0.19483031332492828,-1.124198455363512E-2,-0.26629304885864258,-0.44176074862480164
Montenegro,MNE,2.6663327589631081E-2,1.0601907037198544E-2,0.15625758469104767,0.36523148417472839,9.5744796097278595E-2,-3.0126255005598068E-2
Mozambique,MOZ,-0.50823467969894409,-0.74543857574462891,-0.82328957319259644,-0.72476434707641602,-1.0201843976974487,-0.80101454257965088
Mauritania,MRT,-0.78021371364593506,-0.54221659898757935,-0.49821245670318604,-0.75933969020843506,-0.5827178955078125,-0.86158454418182373
Mauritius,MUS,0.80814105272293091,0.82203984260559082,0.87113988399505615,0.99652040004730225,0.76357662677764893,0.31711199879646301
Malawi,MWI,-9.4866469502449036E-2,-0.26725292205810547,-0.74943667650222778,-0.70119547843933105,-0.33112335205078125,-0.78115266561508179
Malaysia,MYS,-4.3429460376501083E-2,0.11027669906616211,0.99868565797805786,0.67314082384109497,0.59094518423080444,0.24752280116081238
Namibia,NAM,0.54218977689743042,0.5339198112487793,9.6649490296840668E-2,-0.10890825837850571,0.3099801242351532,0.37248110771179199
Niger,NER,-0.5653688907623291,-1.4030383825302124,-0.80106168985366821,-0.66870445013046265,-0.53293120861053467,-0.55416625738143921
Nigeria,NGA,-0.41299602389335632,-1.934673547744751,-1.0886335372924805,-0.8609851598739624,-0.89798212051391602,-1.0949479341506958
Nicaragua,NIC,-1.0770896673202515,-1.034827709197998,-0.77087438106536865,-0.68905812501907349,-1.1756899356842041,-1.121843695640564
Netherlands,NLD,1.564838171005249,0.85725194215774536,1.7980079650878906,1.8610787391662598,1.8084671497344971,1.9997575283050537
Norway,NOR,1.6869549751281738,1.1861281394958496,1.8622915744781494,1.8040546178817749,1.9849152565002441,2.0734682083129883
Nepal,NPL,-0.13064293563365936,-0.46563026309013367,-1.045199990272522,-0.70137512683868408,-0.53553414344787598,-0.67409384250640869
Nauru,NRU,0.62840449810028076,0.86258542537689209,-0.12948043644428253,-3.3193632960319519E-2,-0.7636907696723938,-0.44930270314216614
New Zealand,NZL,1.5690345764160156,1.5076649188995361,1.6709036827087402,1.8809065818786621,1.8847389221191406,2.1700706481933594
Oman,OMN,-1.1362813711166382,0.59348475933074951,0.259309321641922,0.29245713353157043,0.55440390110015869,0.45212891697883606
Pakistan,PAK,-0.84335076808929443,-2.2463357448577881,-0.67700469493865967,-0.64447891712188721,-0.66757869720458984,-0.84674066305160522
Panama,PAN,0.62171328067779541,0.30680492520332336,6.5540187060832977E-2,0.36189696192741394,-0.11903498321771622,-0.57992398738861084
Palau,PLW,1.0942646265029907,0.86258542537689209,-4.542214423418045E-2,-7.5409994460642338E-3,0.31445762515068054,-0.44930270314216614
Peru,PER,0.28628385066986084,-0.1417345404624939,-6.7545659840106964E-2,0.56390613317489624,-0.48720264434814453,-0.44769078493118286
Philippines,PHL,3.0184244737029076E-2,-0.88496571779251099,5.2968170493841171E-2,9.308159351348877E-3,-0.47730070352554321,-0.57334554195404053
Papua New Guinea,PNG,7.404211163520813E-2,-0.8261072039604187,-0.80867904424667358,-0.54254639148712158,-0.80097305774688721,-0.99163818359375
Poland,POL,0.69826185703277588,0.521514892578125,0.60162919759750366,1.0141236782073975,0.4520929753780365,0.60271501541137695
Puerto Rico,PRI,0.49567258358001709,0.12338312715291977,-0.16427363455295563,0.73195910453796387,0.58733981847763062,1.3092992827296257E-2
"Korea, Dem. Rep.",PRK,-2.1946883201599121,-0.30490335822105408,-1.3967882394790649,-2.3967936038970947,-1.6514610052108765,-1.5893584489822388
Portugal,PRT,1.2387827634811401,1.1282484531402588,1.1540054082870483,0.96974700689315796,1.1356768608093262,0.76399534940719604
Paraguay,PRY,8.2142479717731476E-2,-1.913156476803124E-3,-0.53375667333602905,-0.20345801115036011,-0.55640339851379395,-0.82931023836135864
Qatar,QAT,-1.2906183004379272,0.70469540357589722,0.70520675182342529,0.67932993173599243,0.73431843519210815,0.84899592399597168
Romania,ROU,0.48513972759246826,0.5255054235458374,-0.28124380111694336,0.46205359697341919,0.36400461196899414,-0.12824046611785889
Russian Federation,RUS,-1.1000820398330688,-0.54230397939682007,0.15036487579345703,-0.43162244558334351,-0.72368854284286499,-0.83187317848205566
Rwanda,RWA,-1.079367995262146,0.11567217856645584,0.18502268195152283,7.7384300529956818E-2,7.6188184320926666E-2,0.56434601545333862
Samoa,WSM,0.74770087003707886,1.1205109357833862,0.43641301989555359,-0.22384203970432281,1.0770641565322876,0.64063555002212524
Saudi Arabia,SAU,-1.6169171333312988,-0.42799597978591919,0.30644488334655762,-6.8194851279258728E-2,0.16855593025684357,0.27463933825492859
Sudan,SDN,-1.6359678506851196,-1.6736141443252563,-1.621904730796814,-1.6738343238830566,-1.140473484992981,-1.3669849634170532
Senegal,SEN,0.26038539409637451,5.736391618847847E-2,-5.7369384914636612E-2,-0.11223976314067841,-0.19076031446456909,4.8484433442354202E-2
Singapore,SGP,-0.18336543440818787,1.5316022634506226,2.2210860252380371,2.1613767147064209,1.878558874130249,2.1594765186309814
Solomon Islands,SLB,0.59805327653884888,0.50178396701812744,-0.99720156192779541,-0.83224856853485107,-0.13986755907535553,-7.4039893224835396E-3
Sierra Leone,SLE,-9.6366956830024719E-2,-9.8183274269104004E-2,-1.126595139503479,-0.88199365139007568,-0.76636308431625366,-0.41136106848716736
El Salvador,SLV,0.13837362825870514,-0.12745198607444763,-0.4654403030872345,2.1638486534357071E-2,-0.76245963573455811,-0.55256485939025879
San Marino,SMR,1.1930834054946899,0.89969587326049805,NA,NA,NA,NA
Somalia,SOM,-1.8352736234664917,-2.3832266330718994,-2.2371490001678467,-2.203132152557373,-2.350358247756958,-1.7099632024765015
São Tomé and Principe,STP,0.3727668821811676,0.51563727855682373,-0.62691396474838257,-0.90706950426101685,-0.67970234155654907,0.22584551572799683
Suriname,SUR,0.38978254795074463,0.11340330541133881,-0.59006136655807495,-0.67955142259597778,-5.9651225805282593E-2,-0.39323732256889343
Slovak Republic,SVK,0.91099870204925537,0.78278815746307373,0.67390167713165283,1.0067802667617798,0.55673569440841675,0.32720270752906799
Slovenia,SVN,1.0074244737625122,0.81675410270690918,1.081404447555542,1.00883948802948,1.1184208393096924,0.90589869022369385
Sweden,SWE,1.5922601222991943,1.0517905950546265,1.8299006223678589,1.8016748428344727,1.9065259695053101,2.1184780597686768
Swaziland,SWZ,-1.3212302923202515,-0.37859588861465454,-0.67831695079803467,-0.61227738857269287,-0.50188273191452026,-0.48767262697219849
Seychelles,SYC,0.33566996455192566,0.68943703174591064,0.51794135570526123,-0.1530526727437973,0.17143608629703522,0.96921265125274658
Syrian Arab Republic,SYR,-1.9798752069473267,-2.7279963493347168,-1.7112792730331421,-1.7579034566879272,-2.0760633945465088,-1.6885527372360229
Chad,TCD,-1.4177297353744507,-1.3400243520736694,-1.5684038400650024,-1.1192482709884644,-1.2833583354949951,-1.4205666780471802
Togo,TGO,-0.72092771530151367,-0.8053930401802063,-0.91733467578887939,-0.6789817214012146,-0.58879667520523071,-0.74971675872802734
Thailand,THA,-0.82727128267288208,-0.53755807876586914,0.35705634951591492,0.11610496789216995,0.10288157314062119,-0.40739849209785461
Tajikistan,TJK,-1.8295934200286865,-0.57514810562133789,-1.049005389213562,-1.0110654830932617,-1.2279412746429443,-1.3211725950241089
Turkmenistan,TKM,-2.1314690113067627,-9.3640983104705811E-2,-1.1562397480010986,-1.9576020240783691,-1.4147845506668091,-1.5119054317474365
Timor-Leste,TLS,0.38276639580726624,0.23987026512622833,-0.88469237089157104,-0.78434699773788452,-1.1110148429870605,-0.38298270106315613
Tonga,TON,0.55595946311950684,1.1205109357833862,0.1627243310213089,-0.32663923501968384,0.45866918563842773,-0.34568023681640625
Trinidad and Tobago,TTO,0.62491905689239502,5.5240150541067123E-2,0.10015146434307098,-0.15098600089550018,-0.1202659085392952,-0.19135574996471405
Tunisia,TUN,0.28140565752983093,-0.83253633975982666,-0.10227388888597488,-0.43720522522926331,6.2218688428401947E-2,-7.7050469815731049E-2
Turkey,TUR,-0.81470298767089844,-1.3428292274475098,4.8385970294475555E-2,-7.3168929666280746E-3,-0.28296324610710144,-0.29097005724906921
Tuvalu,TUV,1.1224985122680664,1.2045668363571167,-0.64663213491439819,-0.55547410249710083,0.4812893271446228,0.40907853841781616
"Taiwan, China",TWN,0.99590826034545898,0.71959769725799561,1.436753511428833,1.4027597904205322,1.1411211490631104,1.0452655553817749
Tanzania,TZA,-0.50379097461700439,-0.36204707622528076,-0.87905043363571167,-0.64090621471405029,-0.57793134450912476,-0.39087092876434326
Uganda,UGA,-0.6238396167755127,-0.64578843116760254,-0.58520013093948364,-0.37422439455986023,-0.31461122632026672,-1.1656256914138794
Ukraine,UKR,5.5237796157598495E-2,-1.5238696336746216,-0.29658252000808716,-0.25867009162902832,-0.69835144281387329,-0.70959717035293579
Uruguay,URY,1.2569401264190674,1.045502781867981,0.69573879241943359,0.50940841436386108,0.62126314640045166,1.2465108633041382
United States,USA,0.96524804830551147,0.29798582196235657,1.4891815185546875,1.3453584909439087,1.4610936641693115,1.2153260707855225
Uzbekistan,UZB,-1.6055108308792114,-0.27243340015411377,-0.51464903354644775,-0.99329251050949097,-1.0481816530227661,-1.053790807723999
St. Vincent and the Grenadines,VCT,0.92759054899215698,0.95970898866653442,0.22584962844848633,0.21223247051239014,0.44635623693466187,0.78155648708343506
"Venezuela, RB",VEN,-1.4094308614730835,-1.4454848766326904,-1.6583069562911987,-2.3591158390045166,-2.3200535774230957,-1.5098400115966797
Vietnam,VNM,-1.380526065826416,0.13187491893768311,3.9076801389455795E-2,-0.26234829425811768,-1.6898753121495247E-2,-0.51384109258651733
Vanuatu,VUT,0.663360595703125,1.0262949466705322,-0.5464751124382019,-0.46004357933998108,0.17785331606864929,-0.2588750422000885
West Bank and Gaza,WBG,-1.0081884860992432,-1.9420775175094604,-0.74408459663391113,3.3815555274486542E-2,-0.48548009991645813,-0.25957411527633667
"Jersey, Channel Islands",JEY,1.2941887378692627,1.296689510345459,1.2375051975250244,0.92274230718612671,1.7459888458251953,1.0436985492706299
"Yemen, Rep.",YEM,-1.7660067081451416,-2.7682943344116211,-2.2794215679168701,-1.66392982006073,-1.7733464241027832,-1.6814608573913574
Serbia,SRB,2.662612684071064E-2,-9.1665111482143402E-2,1.9078735262155533E-2,0.11386710405349731,-0.11906975507736206,-0.44555148482322693
South Africa,ZAF,0.67038822174072266,-0.21793085336685181,0.36738023161888123,0.15617172420024872,-7.6407678425312042E-2,8.492385596036911E-2
"Congo, Dem. Rep.",COD,-1.365965723991394,-1.8080073595046997,-1.6274285316467285,-1.5096668004989624,-1.7860875129699707,-1.5389313697814941
Zambia,ZMB,-0.28619879484176636,-0.10221624374389648,-0.67521452903747559,-0.55426913499832153,-0.46206927299499512,-0.64034509658813477
Zimbabwe,ZWE,-1.1418747901916504,-0.92017853260040283,-1.2053371667861938,-1.4631994962692261,-1.2570089101791382,-1.2387955188751221
Anguilla,AIA,NA,1.3673566579818726,0.81582385301589966,0.84623110294342041,0.35573673248291016,1.2343919277191162
American Samoa,ASM,NA,1.160380482673645,0.54259264469146729,-0.29960507154464722,1.3350983858108521,1.8438825607299805
Bermuda,BMU,NA,1.0772281885147095,1.3622862100601196,0.84623110294342041,0.8454175591468811,1.2343919277191162
Guam,GUM,NA,0.78502124547958374,0.2693614661693573,8.2340322434902191E-2,1.3350983858108521,1.2343919277191162
Martinique,MTQ,NA,0.78502124547958374,1.0890549421310425,1.228176474571228,0.60057717561721802,1.2343919277191162
Réunion,REU,NA,0.25041297078132629,1.0890549421310425,1.228176474571228,0.8454175591468811,0.6249011754989624
Virgin Islands (U.S.),VIR,NA,1.0772281885147095,0.81582385301589966,1.228176474571228,1.090258002281189,0.6249011754989624
